episode,length,time,reward,delta
0,438.0,0.08853799999997136,-1724.0,100.0
1,72.0,0.012875000000349246,-71.0,10.0
2,41.0,0.0069939999998496205,59.0,1.0
3,61.0,0.011358000000200263,39.0,0.09999999999999432
4,22.0,0.00261000000000422,78.0,0.010000000000005116
5,60.0,0.012921999999889522,-158.0,0.0010000000000047748
6,114.0,0.023667999999815947,-113.0,0.00010000000000331966
7,60.0,0.012330999999903725,-59.0,1.0000000003174137e-05
8,19.0,0.0046609999999418505,81.0,9.999999974752427e-07
9,19.0,0.0037469999997483683,81.0,9.999999406318238e-08
10,22.0,0.0051680000001397275,78.0,9.999993721976352e-09
11,22.0,0.004527999999936583,78.0,1.0000036354540498e-09
12,27.0,0.005413999999746011,73.0,1.000017846308765e-10
13,38.0,0.009167999999590393,-37.0,1.000444171950221e-11
14,53.0,0.010855999999876076,-151.0,9.947598300641403e-13
15,21.0,0.006111000000146305,79.0,9.947598300641403e-14
16,64.0,0.012274000000161323,-657.0,1.4210854715202004e-14
17,35.0,0.006820999999945343,-34.0,0.0
18,25.0,0.005399000000124943,-24.0,0.0
19,43.0,0.008299000000079104,-339.0,0.0
20,30.0,0.005758000000241736,70.0,0.0
21,19.0,0.004027999999834719,81.0,0.0
22,14.0,0.0026410000000396394,86.0,0.0
23,22.0,0.004256000000168569,-21.0,0.0
24,14.0,0.0033429999998588755,86.0,0.0
25,114.0,0.017738999999892258,-1103.0,0.0
26,19.0,0.003580000000056316,81.0,0.0
27,16.0,0.0028890000003229943,84.0,0.0
28,39.0,0.008127999999942404,-38.0,0.0
29,33.0,0.006097999999838066,-32.0,0.0
30,19.0,0.003919999999652646,81.0,0.0
31,29.0,0.005823000000418688,-226.0,0.0
32,18.0,0.005245000000286382,82.0,0.0
33,21.0,0.005987999999888416,-20.0,0.0
34,20.0,0.005866999999852851,80.0,0.0
35,25.0,0.0056590000003780005,-123.0,0.0
36,16.0,0.00442399999974441,-15.0,0.0
37,16.0,0.0033979999998337007,84.0,0.0
38,32.0,0.0067830000002686575,-229.0,0.0
39,40.0,0.00903199999993376,-237.0,0.0
40,142.0,0.02816800000027797,-1428.0,0.0
41,27.0,0.0057589999996707775,-26.0,0.0
42,12.0,0.002448000000185857,88.0,0.0
43,31.0,0.0052249999998821295,-30.0,0.0
44,40.0,0.007589000000280066,-39.0,0.0
45,22.0,0.004644999999982247,-21.0,0.0
46,16.0,0.0038010000002941524,84.0,0.0
47,12.0,0.0024950000001808803,88.0,0.0
48,25.0,0.006288999999924272,-123.0,0.0
49,15.0,0.002668000000085158,85.0,0.0
50,52.0,0.011040999999750056,-249.0,0.0
51,51.0,0.011533000000326865,-248.0,0.0
52,16.0,0.004038999999920634,84.0,0.0
53,14.0,0.003321000000141794,86.0,0.0
54,12.0,0.0022859999999127467,88.0,0.0
55,21.0,0.0041919999998754065,-20.0,0.0
56,22.0,0.005521000000044296,78.0,0.0
57,14.0,0.004338000000188913,86.0,0.0
58,14.0,0.003088999999818043,86.0,0.0
59,14.0,0.0037109999998392595,86.0,0.0
60,12.0,0.002876999999898544,88.0,0.0
61,31.0,0.006917000000157714,-30.0,0.0
62,42.0,0.007842999999866151,-140.0,0.0
63,12.0,0.002356999999847176,88.0,0.0
64,26.0,0.004938999999922089,74.0,0.0
65,23.0,0.005157999999937601,77.0,0.0
66,39.0,0.007854999999835854,-137.0,0.0
67,14.0,0.0024370000000999426,86.0,0.0
68,12.0,0.0024029999999584106,88.0,0.0
69,82.0,0.014268000000356551,-774.0,0.0
70,22.0,0.005816000000322674,-21.0,0.0
71,18.0,0.004079999999703432,82.0,0.0
72,20.0,0.004308000000037282,80.0,0.0
73,16.0,0.003674999999930151,-15.0,0.0
74,12.0,0.002712999999857857,88.0,0.0
75,17.0,0.004347000000052503,-16.0,0.0
76,35.0,0.0065610000001470326,-232.0,0.0
77,12.0,0.003412000000025728,88.0,0.0
78,19.0,0.0044020000000273285,81.0,0.0
79,16.0,0.0034800000003087916,84.0,0.0
80,37.0,0.008092999999917083,-135.0,0.0
81,17.0,0.0038880000001881854,83.0,0.0
82,32.0,0.006614999999783322,-31.0,0.0
83,18.0,0.004226000000016938,82.0,0.0
84,22.0,0.004752999999709573,-21.0,0.0
85,16.0,0.003717999999935273,84.0,0.0
86,28.0,0.005949999999756983,72.0,0.0
87,12.0,0.0034009999999398133,88.0,0.0
88,27.0,0.006664000000000669,-26.0,0.0
89,64.0,0.013128999999935331,-360.0,0.0
90,14.0,0.0031260000000656873,86.0,0.0
91,12.0,0.0030859999997119303,88.0,0.0
92,19.0,0.00355600000011691,81.0,0.0
93,27.0,0.005345999999917694,-26.0,0.0
94,41.0,0.0070200000000113505,-238.0,0.0
95,31.0,0.005785000000287255,-30.0,0.0
96,38.0,0.0070279999999911524,-37.0,0.0
97,20.0,0.0037370000000009895,-19.0,0.0
98,25.0,0.004636000000118656,-24.0,0.0
99,31.0,0.005850999999893247,-30.0,0.0
100,18.0,0.004402999999911117,82.0,0.0
101,22.0,0.004749000000174419,78.0,0.0
102,29.0,0.0053780000002916495,-127.0,0.0
103,12.0,0.0027580000000853033,88.0,0.0
104,35.0,0.007079999999859865,-133.0,0.0
105,16.0,0.0026229999998577114,84.0,0.0
106,15.0,0.002987999999731983,85.0,0.0
107,23.0,0.00452499999983047,-22.0,0.0
108,21.0,0.004132000000026892,-20.0,0.0
109,14.0,0.0028959999999642605,86.0,0.0
110,16.0,0.0028980000001865847,84.0,0.0
111,18.0,0.003580000000056316,82.0,0.0
112,16.0,0.002886999999645923,84.0,0.0
113,22.0,0.005118000000038592,78.0,0.0
114,12.0,0.0020790000003216846,88.0,0.0
115,22.0,0.004002000000127737,-21.0,0.0
116,42.0,0.008424999999988358,-140.0,0.0
117,38.0,0.008128000000397151,-136.0,0.0
118,28.0,0.004908999999770458,-27.0,0.0
119,35.0,0.0057280000000901055,-34.0,0.0
120,31.0,0.00654900000017733,-228.0,0.0
121,15.0,0.0029020000001764856,85.0,0.0
122,14.0,0.0028510000001915614,86.0,0.0
123,16.0,0.0028210000000399305,84.0,0.0
124,16.0,0.0033020000000760774,84.0,0.0
125,28.0,0.005595000000084838,-27.0,0.0
126,41.0,0.008506000000124914,-238.0,0.0
127,22.0,0.003869000000122469,-120.0,0.0
128,16.0,0.003131000000394124,84.0,0.0
129,12.0,0.002464000000145461,88.0,0.0
130,18.0,0.00295300000016141,-17.0,0.0
131,76.0,0.01424300000007861,-669.0,0.0
132,24.0,0.005163000000266038,-23.0,0.0
133,17.0,0.004038999999920634,-16.0,0.0
134,12.0,0.0027020000002266897,88.0,0.0
135,12.0,0.002611999999771797,88.0,0.0
136,21.0,0.0050140000003011664,-20.0,0.0
137,24.0,0.006150000000161526,-23.0,0.0
138,23.0,0.0037830000001122244,-22.0,0.0
139,14.0,0.0036220000001776498,86.0,0.0
140,45.0,0.009794999999940046,-242.0,0.0
141,14.0,0.0028939999997419363,86.0,0.0
142,28.0,0.005376000000069325,-126.0,0.0
143,18.0,0.003972999999859894,82.0,0.0
144,14.0,0.002808000000186439,86.0,0.0
145,29.0,0.005357999999887397,-28.0,0.0
146,31.0,0.005094999999982974,-327.0,0.0
147,16.0,0.002804000000196538,84.0,0.0
148,19.0,0.0038749999998799467,-18.0,0.0
149,30.0,0.005575000000135333,-29.0,0.0
150,24.0,0.004495000000133587,76.0,0.0
151,28.0,0.004922000000078697,-126.0,0.0
152,22.0,0.0044240000001991575,78.0,0.0
153,12.0,0.002430000000003929,88.0,0.0
154,50.0,0.011640000000170403,-544.0,0.0
155,22.0,0.0038849999996273255,-21.0,0.0
156,64.0,0.011402999999972963,-360.0,0.0
157,14.0,0.002989999999954307,86.0,0.0
158,26.0,0.005683999999746447,-124.0,0.0
159,34.0,0.007092999999713356,-132.0,0.0
160,27.0,0.006200000000262662,-224.0,0.0
161,17.0,0.004239999999754218,83.0,0.0
162,22.0,0.005357000000003609,78.0,0.0
163,18.0,0.004372000000330445,82.0,0.0
164,13.0,0.003497000000152184,87.0,0.0
165,21.0,0.00406299999986004,-119.0,0.0
166,24.0,0.0043350000000828,76.0,0.0
167,13.0,0.0025099999998019484,87.0,0.0
168,15.0,0.002864999999928841,85.0,0.0
169,14.0,0.003009999999903812,86.0,0.0
170,17.0,0.004037000000153057,-16.0,0.0
171,12.0,0.002316999999948166,88.0,0.0
172,22.0,0.004252000000178668,-21.0,0.0
173,12.0,0.0030959999999140564,88.0,0.0
174,27.0,0.006236000000171771,-125.0,0.0
175,13.0,0.0033929999999600113,87.0,0.0
176,22.0,0.004729000000224914,78.0,0.0
177,16.0,0.0037689999999201973,84.0,0.0
178,16.0,0.003752000000076805,84.0,0.0
179,15.0,0.003544000000147207,85.0,0.0
180,44.0,0.008857000000261905,-241.0,0.0
181,22.0,0.0043579999996836705,-21.0,0.0
182,19.0,0.005342999999811582,-18.0,0.0
183,12.0,0.0024610000000393484,88.0,0.0
184,12.0,0.0023880000003373425,88.0,0.0
185,21.0,0.003965999999763881,-20.0,0.0
186,14.0,0.003009999999903812,86.0,0.0
187,21.0,0.004352999999809981,-20.0,0.0
188,31.0,0.006570999999894411,-129.0,0.0
189,18.0,0.0036939999999958673,-17.0,0.0
190,35.0,0.0051419999999779975,-133.0,0.0
191,12.0,0.0023989999999685097,88.0,0.0
192,15.0,0.0031690000000708096,-14.0,0.0
193,14.0,0.003127999999833264,86.0,0.0
194,38.0,0.007802999999967142,-136.0,0.0
195,22.0,0.003628000000389875,-21.0,0.0
196,18.0,0.003497999999581225,82.0,0.0
197,19.0,0.004484000000047672,81.0,0.0
198,29.0,0.006014000000050146,71.0,0.0
199,13.0,0.0025949999999284046,87.0,0.0
200,12.0,0.002951999999822874,88.0,0.0
201,15.0,0.003161999999974796,85.0,0.0
202,12.0,0.0033360000002176093,88.0,0.0
203,12.0,0.002801999999974214,88.0,0.0
204,30.0,0.008127000000058615,-227.0,0.0
205,15.0,0.003489000000172382,85.0,0.0
206,18.0,0.0033759999996618717,82.0,0.0
207,19.0,0.00412400000004709,-18.0,0.0
208,14.0,0.0031560000002173183,86.0,0.0
209,26.0,0.004716999999800464,-25.0,0.0
210,12.0,0.002866000000267377,88.0,0.0
211,12.0,0.001273999999739317,88.0,0.0
212,21.0,0.004355000000032305,-20.0,0.0
213,14.0,0.003206999999747495,86.0,0.0
214,26.0,0.006134000000201922,-25.0,0.0
215,12.0,0.003420999999889318,88.0,0.0
216,17.0,0.004095000000233995,83.0,0.0
217,21.0,0.0046609999999418505,-20.0,0.0
218,18.0,0.0036059999997632985,82.0,0.0
219,12.0,0.002880999999888445,88.0,0.0
220,23.0,0.005657000000155676,-22.0,0.0
221,14.0,0.00325299999985873,86.0,0.0
222,19.0,0.0045290000002751185,81.0,0.0
223,16.0,0.003838999999970838,84.0,0.0
224,16.0,0.0032280000000355358,84.0,0.0
225,12.0,0.0032459999997627165,88.0,0.0
226,25.0,0.005767999999989115,-24.0,0.0
227,22.0,0.005634000000100059,-21.0,0.0
228,18.0,0.004148999999870284,82.0,0.0
229,14.0,0.003254999999626307,86.0,0.0
230,14.0,0.0032880000003387977,86.0,0.0
231,41.0,0.008597000000008848,-238.0,0.0
232,17.0,0.0030520000000251457,-16.0,0.0
233,16.0,0.004010999999991327,-114.0,0.0
234,12.0,0.003435000000081345,88.0,0.0
235,14.0,0.0030839999999443535,86.0,0.0
236,12.0,0.0035289999996166443,88.0,0.0
237,12.0,0.0025200000000040745,88.0,0.0
238,14.0,0.003924000000097294,86.0,0.0
239,13.0,0.002603999999791995,-12.0,0.0
240,31.0,0.006394999999884021,-129.0,0.0
241,14.0,0.002444999999624997,86.0,0.0
242,34.0,0.007990999999947235,-33.0,0.0
243,12.0,0.002826000000368367,88.0,0.0
244,24.0,0.004896999999800755,-23.0,0.0
245,30.0,0.006182000000080734,-128.0,0.0
246,16.0,0.0030499999998028215,84.0,0.0
247,18.0,0.003333999999995285,82.0,0.0
248,18.0,0.0038239999998950225,82.0,0.0
249,23.0,0.00504399999999805,-121.0,0.0
250,14.0,0.004129000000375527,86.0,0.0
251,12.0,0.002316999999948166,88.0,0.0
252,24.0,0.003687999999783642,-23.0,0.0
253,55.0,0.009632000000237895,-351.0,0.0
254,14.0,0.003561999999874388,86.0,0.0
255,15.0,0.0027589999999690917,85.0,0.0
256,12.0,0.0037839999999960128,88.0,0.0
257,21.0,0.0041089999999712745,-20.0,0.0
258,25.0,0.005442000000130065,-24.0,0.0
259,13.0,0.00380700000005163,-12.0,0.0
260,20.0,0.005317000000104599,80.0,0.0
261,21.0,0.005013999999846419,-20.0,0.0
262,12.0,0.002555000000029395,88.0,0.0
263,33.0,0.007326999999804684,-131.0,0.0
264,12.0,0.0027069999996456318,88.0,0.0
265,14.0,0.003576000000066415,86.0,0.0
266,17.0,0.004323999999996886,83.0,0.0
267,16.0,0.0038930000000618747,84.0,0.0
268,25.0,0.004811000000245258,-24.0,0.0
269,12.0,0.0032280000000355358,88.0,0.0
270,14.0,0.003335999999762862,86.0,0.0
271,14.0,0.002836000000115746,86.0,0.0
272,12.0,0.0025729999997565756,88.0,0.0
273,14.0,0.0031340000000454893,86.0,0.0
274,14.0,0.002816999999595282,86.0,0.0
275,15.0,0.002708999999867956,85.0,0.0
276,14.0,0.0028600000000551518,86.0,0.0
277,12.0,0.002344999999877473,88.0,0.0
278,12.0,0.0030679999999847496,88.0,0.0
279,14.0,0.003281000000242784,86.0,0.0
280,12.0,0.0023830000000089058,88.0,0.0
281,19.0,0.006661999999778345,-18.0,0.0
282,42.0,0.008491000000049098,-239.0,0.0
283,18.0,0.00457700000015393,82.0,0.0
284,20.0,0.004821999999876425,-19.0,0.0
285,16.0,0.003240999999889027,84.0,0.0
286,26.0,0.005366000000321947,-25.0,0.0
287,12.0,0.0017199999997501436,88.0,0.0
288,12.0,0.0020839999997406267,88.0,0.0
289,27.0,0.005439999999907741,-26.0,0.0
290,12.0,0.002688999999918451,88.0,0.0
291,14.0,0.0038529999997081177,86.0,0.0
292,14.0,0.0036820000000261643,86.0,0.0
293,12.0,0.002617999999984022,88.0,0.0
294,15.0,0.0028820000002269808,85.0,0.0
295,12.0,0.0024469999998473213,88.0,0.0
296,18.0,0.003365999999914493,-17.0,0.0
297,12.0,0.00253500000007989,88.0,0.0
298,18.0,0.004761000000144122,82.0,0.0
299,21.0,0.004347999999936292,-20.0,0.0
300,16.0,0.0025420000001759036,84.0,0.0
301,12.0,0.003418000000237953,88.0,0.0
302,29.0,0.005775999999968917,-226.0,0.0
303,12.0,0.0029489999997167615,88.0,0.0
304,12.0,0.003784999999879801,88.0,0.0
305,26.0,0.005480999999690539,-25.0,0.0
306,18.0,0.004413999999997031,82.0,0.0
307,12.0,0.0026290000000699365,88.0,0.0
308,14.0,0.002177999999730673,86.0,0.0
309,14.0,0.0031169999997473496,86.0,0.0
310,15.0,0.0034639999998944404,85.0,0.0
311,22.0,0.0039069999997991545,-21.0,0.0
312,14.0,0.003729999999904976,86.0,0.0
313,14.0,0.0030480000000352447,86.0,0.0
314,27.0,0.003853999999591906,-26.0,0.0
315,14.0,0.0030339999998432177,86.0,0.0
316,18.0,0.005016000000068743,82.0,0.0
317,20.0,0.005252999999811436,-19.0,0.0
318,14.0,0.003535999999712658,86.0,0.0
319,13.0,0.0033129999997072446,87.0,0.0
320,15.0,0.004483000000163884,85.0,0.0
321,16.0,0.004277999999885651,84.0,0.0
322,12.0,0.0028999999999541615,88.0,0.0
323,16.0,0.0028250000000298314,84.0,0.0
324,17.0,0.004216999999698601,83.0,0.0
325,12.0,0.0025160000000141736,88.0,0.0
326,14.0,0.0032579999997324194,86.0,0.0
327,18.0,0.003933999999844673,82.0,0.0
328,27.0,0.005167000000255939,-26.0,0.0
329,15.0,0.0039029999998092535,85.0,0.0
330,16.0,0.003643000000010943,84.0,0.0
331,16.0,0.003971000000092317,84.0,0.0
332,15.0,0.003979999999955908,85.0,0.0
333,22.0,0.005216000000018539,-21.0,0.0
334,15.0,0.004257999999936146,85.0,0.0
335,12.0,0.003159999999752472,88.0,0.0
336,28.0,0.006478000000242901,-126.0,0.0
337,12.0,0.0033149999999295687,88.0,0.0
338,15.0,0.003792999999859603,85.0,0.0
339,21.0,0.0034879999998338462,-20.0,0.0
340,22.0,0.004652999999962049,-21.0,0.0
341,12.0,0.0027420000001256994,88.0,0.0
342,16.0,0.0032390000001214503,84.0,0.0
343,16.0,0.002996000000166532,-15.0,0.0
344,18.0,0.003685000000132277,-17.0,0.0
345,17.0,0.003925999999864871,-16.0,0.0
346,13.0,0.0030600000000049477,87.0,0.0
347,44.0,0.01000099999964732,-142.0,0.0
348,14.0,0.0015610000000378932,86.0,0.0
349,12.0,0.0030249999999796273,88.0,0.0
350,14.0,0.003068999999868538,86.0,0.0
351,17.0,0.003309000000172091,-16.0,0.0
352,18.0,0.004085000000031869,82.0,0.0
353,12.0,0.0024309999998877174,88.0,0.0
354,16.0,0.003087000000050466,84.0,0.0
355,12.0,0.0023150000001805893,88.0,0.0
356,12.0,0.002432000000226253,88.0,0.0
357,12.0,0.002472000000125263,88.0,0.0
358,16.0,0.0031380000000353903,84.0,0.0
359,12.0,0.0022890000000188593,88.0,0.0
360,12.0,0.0024809999999888532,88.0,0.0
361,14.0,0.0029440000002978195,86.0,0.0
362,25.0,0.004434999999830325,-123.0,0.0
363,12.0,0.002357999999730964,88.0,0.0
364,12.0,0.0024819999998726416,88.0,0.0
365,25.0,0.00676900000007663,-123.0,0.0
366,12.0,0.0024009999997360865,88.0,0.0
367,12.0,0.002547000000049593,88.0,0.0
368,15.0,0.0035370000000511936,85.0,0.0
369,21.0,0.005058000000190077,-20.0,0.0
370,18.0,0.0033180000000356813,-17.0,0.0
371,14.0,0.003289999999651627,86.0,0.0
372,26.0,0.006022999999913736,-25.0,0.0
373,12.0,0.0024350000003323657,88.0,0.0
374,14.0,0.004050000000006548,86.0,0.0
375,23.0,0.00441499999988082,-22.0,0.0
376,15.0,0.0037109999998392595,85.0,0.0
377,14.0,0.004065999999966152,86.0,0.0
378,16.0,0.004219999999804713,-15.0,0.0
379,23.0,0.004190999999991618,-121.0,0.0
380,14.0,0.0027989999998681014,86.0,0.0
381,27.0,0.006045000000085565,-26.0,0.0
382,34.0,0.007819999999810534,-132.0,0.0
383,12.0,0.0026659999998628336,88.0,0.0
384,15.0,0.00415000000020882,85.0,0.0
385,12.0,0.0034570000002531742,88.0,0.0
386,18.0,0.004863999999997759,82.0,0.0
387,12.0,0.0033089999997173436,88.0,0.0
388,12.0,0.0027809999996861734,88.0,0.0
389,12.0,0.003005999999913911,88.0,0.0
390,12.0,0.0024109999999382126,88.0,0.0
391,13.0,0.002933000000211905,87.0,0.0
392,23.0,0.0047210000002451125,-22.0,0.0
393,12.0,0.002288000000135071,88.0,0.0
394,12.0,0.003256999999848631,88.0,0.0
395,12.0,0.0031810000000405125,88.0,0.0
396,12.0,0.0029380000000855944,88.0,0.0
397,12.0,0.002771999999822583,88.0,0.0
398,12.0,0.0025359999999636784,88.0,0.0
399,12.0,0.0028529999999591382,88.0,0.0
400,19.0,0.003786000000218337,-18.0,0.0
401,14.0,0.003095000000030268,86.0,0.0
402,21.0,0.004849999999805732,-20.0,0.0
403,19.0,0.00409799999988536,-18.0,0.0
404,16.0,0.0032290000003740715,84.0,0.0
405,20.0,0.0038380000000870496,-19.0,0.0
406,16.0,0.0036860000000160653,84.0,0.0
407,14.0,0.0028800000000046566,86.0,0.0
408,14.0,0.0036909999998897547,86.0,0.0
409,14.0,0.0039209999999911815,86.0,0.0
410,25.0,0.0049880000001394365,75.0,0.0
411,12.0,0.0031650000000809086,88.0,0.0
412,14.0,0.0031690000000708096,86.0,0.0
413,29.0,0.006859000000076776,-28.0,0.0
414,16.0,0.003695999999763444,84.0,0.0
415,15.0,0.004118000000289612,-14.0,0.0
416,21.0,0.005059999999957654,-20.0,0.0
417,18.0,0.004187000000001717,82.0,0.0
418,14.0,0.004059000000324886,86.0,0.0
419,18.0,0.0050289999999222346,-17.0,0.0
420,16.0,0.003966000000218628,84.0,0.0
421,12.0,0.0032169999999496213,88.0,0.0
422,18.0,0.004173000000264437,-17.0,0.0
423,16.0,0.003958000000238826,84.0,0.0
424,12.0,0.003095000000030268,88.0,0.0
425,26.0,0.005124999999679858,-25.0,0.0
426,16.0,0.0035929999999098072,84.0,0.0
427,24.0,0.00556300000016563,-23.0,0.0
428,24.0,0.005152999999609165,-23.0,0.0
429,12.0,0.003465000000232976,88.0,0.0
430,16.0,0.002549999999700958,84.0,0.0
431,28.0,0.00616600000012113,-126.0,0.0
432,12.0,0.0027729999997063715,88.0,0.0
433,14.0,0.003083000000060565,86.0,0.0
434,14.0,0.004065999999966152,86.0,0.0
435,22.0,0.004689999999754946,-21.0,0.0
436,20.0,0.004687999999987369,-118.0,0.0
437,13.0,0.002856000000065251,-12.0,0.0
438,14.0,0.0031040000003486057,86.0,0.0
439,16.0,0.0034880000002885936,84.0,0.0
440,14.0,0.0027970000001005246,86.0,0.0
441,18.0,0.0036380000001372537,-17.0,0.0
442,30.0,0.0059600000004138565,-29.0,0.0
443,21.0,0.004057000000102562,-20.0,0.0
444,12.0,0.002536999999847467,88.0,0.0
445,14.0,0.0029850000000806176,86.0,0.0
446,15.0,0.0037409999999908905,85.0,0.0
447,12.0,0.0023139999998420535,88.0,0.0
448,12.0,0.0023740000001453154,88.0,0.0
449,12.0,0.0028760000000147556,88.0,0.0
450,14.0,0.0035979999997834966,86.0,0.0
451,14.0,0.002996000000166532,86.0,0.0
452,22.0,0.005125000000134605,-120.0,0.0
453,12.0,0.0032400000000052387,88.0,0.0
454,16.0,0.0030459999998129206,84.0,0.0
455,14.0,0.003165999999964697,86.0,0.0
456,12.0,0.0023969999997461855,88.0,0.0
457,43.0,0.009651000000303611,-141.0,0.0
458,12.0,0.0024790000002212764,88.0,0.0
459,12.0,0.0029320000003281166,88.0,0.0
460,21.0,0.004641999999876134,-20.0,0.0
461,12.0,0.003677999999581516,88.0,0.0
462,16.0,0.00379800000018804,84.0,0.0
463,12.0,0.002500999999938358,88.0,0.0
464,18.0,0.004564000000300439,-116.0,0.0
465,12.0,0.003030999999737105,88.0,0.0
466,17.0,0.004274000000350497,-16.0,0.0
467,26.0,0.005824999999731517,-25.0,0.0
468,15.0,0.0029380000000855944,85.0,0.0
469,12.0,0.0024859999998625426,88.0,0.0
470,12.0,0.00255799999968076,88.0,0.0
471,23.0,0.005028000000038446,-22.0,0.0
472,12.0,0.0032800000003589957,88.0,0.0
473,13.0,0.003185999999914202,87.0,0.0
474,20.0,0.005681000000095082,-19.0,0.0
475,14.0,0.002557000000251719,86.0,0.0
476,12.0,0.0029650000001311128,88.0,0.0
477,12.0,0.0027340000001458975,88.0,0.0
478,12.0,0.0030659999997624254,88.0,0.0
479,12.0,0.0026770000004034955,88.0,0.0
480,12.0,0.002478000000337488,88.0,0.0
481,16.0,0.0029829999998582934,84.0,0.0
482,13.0,0.002793999999994412,-12.0,0.0
483,16.0,0.003861000000142667,84.0,0.0
484,24.0,0.005319000000326923,-23.0,0.0
485,14.0,0.0036019999997733976,86.0,0.0
486,18.0,0.0047439999998459825,82.0,0.0
487,16.0,0.0033229999999093707,84.0,0.0
488,12.0,0.003038000000287866,88.0,0.0
489,16.0,0.0042320000002291636,84.0,0.0
490,15.0,0.00497799999993731,85.0,0.0
491,12.0,0.0027920000002268353,88.0,0.0
492,12.0,0.0028150000002824527,88.0,0.0
493,19.0,0.004069000000072265,-18.0,0.0
494,25.0,0.005167000000255939,-123.0,0.0
495,17.0,0.0036540000000968575,-115.0,0.0
496,13.0,0.0029019999997217383,87.0,0.0
497,32.0,0.006337000000257831,-130.0,0.0
498,12.0,0.0032470000001012522,88.0,0.0
499,12.0,0.0028760000000147556,88.0,0.0
500,12.0,0.0034620000001268636,88.0,0.0
501,15.0,0.003983999999945809,-14.0,0.0
502,12.0,0.004216999999698601,88.0,0.0
503,17.0,0.003653000000213069,-115.0,0.0
504,14.0,0.0030740000001969747,86.0,0.0
505,17.0,0.003256999999848631,83.0,0.0
506,12.0,0.0028909999996358238,88.0,0.0
507,12.0,0.004324999999880674,88.0,0.0
508,14.0,0.002571999999872787,86.0,0.0
509,12.0,0.0025220000002263987,88.0,0.0
510,13.0,0.0027039999999942665,87.0,0.0
511,13.0,0.0032700000001568696,87.0,0.0
512,12.0,0.0031600000002072193,88.0,0.0
513,22.0,0.004723000000012689,-21.0,0.0
514,13.0,0.003490999999939959,87.0,0.0
515,12.0,0.0027000000000043656,88.0,0.0
516,12.0,0.0020589999999174324,88.0,0.0
517,15.0,0.005159999999705178,85.0,0.0
518,14.0,0.004236999999648106,86.0,0.0
519,14.0,0.0038399999998546264,86.0,0.0
520,14.0,0.0031289999997170526,86.0,0.0
521,14.0,0.003999000000021624,86.0,0.0
522,12.0,0.002621999999973923,88.0,0.0
523,13.0,0.0027309999995850376,87.0,0.0
524,12.0,0.002371000000039203,88.0,0.0
525,14.0,0.00447600000006787,86.0,0.0
526,19.0,0.003950999999688065,-18.0,0.0
527,12.0,0.0023989999999685097,88.0,0.0
528,12.0,0.002484999999978754,88.0,0.0
529,12.0,0.0027380000001357985,88.0,0.0
530,12.0,0.002348999999867374,88.0,0.0
531,14.0,0.0033950000001823355,86.0,0.0
532,18.0,0.004595999999764899,-17.0,0.0
533,12.0,0.002696999999898253,88.0,0.0
534,15.0,0.004329999999754364,85.0,0.0
535,12.0,0.0026609999999891443,88.0,0.0
536,14.0,0.00359600000001592,86.0,0.0
537,16.0,0.0028010000000904256,84.0,0.0
538,16.0,0.0032619999997223204,84.0,0.0
539,14.0,0.002908999999817752,86.0,0.0
540,20.0,0.003837000000203261,-19.0,0.0
541,12.0,0.0024589999998170242,88.0,0.0
542,20.0,0.003982000000178232,-19.0,0.0
543,18.0,0.0036979999999857682,82.0,0.0
544,20.0,0.003917000000001281,-19.0,0.0
545,12.0,0.0036700000000564614,88.0,0.0
546,12.0,0.0046389999997700215,88.0,0.0
547,21.0,0.0051459999999678985,-20.0,0.0
548,12.0,0.0022109999999884167,88.0,0.0
549,12.0,0.0027989999998681014,88.0,0.0
550,14.0,0.0032559999999648426,86.0,0.0
551,12.0,0.0030810000002929883,88.0,0.0
552,15.0,0.003404000000045926,85.0,0.0
553,15.0,0.0035020000000258733,85.0,0.0
554,23.0,0.005140999999639462,-121.0,0.0
555,28.0,0.005984999999782303,-126.0,0.0
556,16.0,0.003044999999929132,-15.0,0.0
557,14.0,0.0037320000001273,86.0,0.0
558,12.0,0.0029789999998683925,88.0,0.0
559,12.0,0.0022610000000895525,88.0,0.0
560,28.0,0.005664999999680731,-27.0,0.0
561,12.0,0.0024690000000191503,88.0,0.0
562,19.0,0.003990000000158034,-18.0,0.0
563,19.0,0.003867999999783933,-18.0,0.0
564,16.0,0.003677000000152475,84.0,0.0
565,14.0,0.0034259999997630075,86.0,0.0
566,27.0,0.005717999999887979,-224.0,0.0
567,12.0,0.0026790000001710723,88.0,0.0
568,12.0,0.0030070000002524466,88.0,0.0
569,12.0,0.002531000000089989,88.0,0.0
570,12.0,0.0024910000001909793,88.0,0.0
571,14.0,0.003012000000126136,86.0,0.0
572,14.0,0.0037309999997887644,86.0,0.0
573,14.0,0.003474999999980355,86.0,0.0
574,12.0,0.002801999999974214,88.0,0.0
575,18.0,0.004578999999921507,-17.0,0.0
576,16.0,0.003499999999803549,84.0,0.0
577,14.0,0.0028050000000803266,86.0,0.0
578,14.0,0.003897999999935564,86.0,0.0
579,16.0,0.003867000000354892,84.0,0.0
580,12.0,0.0023639999999431893,88.0,0.0
581,16.0,0.002911000000040076,84.0,0.0
582,13.0,0.002997999999934109,87.0,0.0
583,14.0,0.003426000000217755,86.0,0.0
584,12.0,0.0026130000001103326,88.0,0.0
585,32.0,0.007032999999864842,-130.0,0.0
586,12.0,0.003083000000060565,88.0,0.0
587,12.0,0.0027340000001458975,88.0,0.0
588,12.0,0.0025469999995948456,88.0,0.0
589,16.0,0.0033969999999499123,84.0,0.0
590,14.0,0.0026899999998022395,86.0,0.0
591,18.0,0.004400000000259752,-17.0,0.0
592,12.0,0.002519000000120286,88.0,0.0
593,20.0,0.00465699999995195,-118.0,0.0
594,12.0,0.0024659999999130378,88.0,0.0
595,15.0,0.0035290000000713917,85.0,0.0
596,13.0,0.0029629999999087886,87.0,0.0
597,12.0,0.0028680000000349537,88.0,0.0
598,12.0,0.0034429999996064,88.0,0.0
599,16.0,0.00364499999977852,84.0,0.0
600,12.0,0.0024910000001909793,88.0,0.0
601,14.0,0.002895000000080472,86.0,0.0
602,14.0,0.002941000000191707,86.0,0.0
603,23.0,0.0058899999999084685,-22.0,0.0
604,12.0,0.003060999999888736,88.0,0.0
605,18.0,0.004129000000375527,-17.0,0.0
606,12.0,0.002617999999984022,88.0,0.0
607,14.0,0.003451000000040949,86.0,0.0
608,14.0,0.0030270000002019515,86.0,0.0
609,15.0,0.0032400000000052387,85.0,0.0
610,12.0,0.002427000000352564,88.0,0.0
611,14.0,0.0036540000000968575,86.0,0.0
612,14.0,0.0029589999999188876,86.0,0.0
613,15.0,0.002879000000120868,-14.0,0.0
614,32.0,0.006793999999899825,-229.0,0.0
615,12.0,0.0029420000000754953,88.0,0.0
616,12.0,0.0019690000003720343,88.0,0.0
617,12.0,0.0027139999997416453,88.0,0.0
618,12.0,0.0028409999999894353,88.0,0.0
619,12.0,0.0029300000001057924,88.0,0.0
620,12.0,0.0027020000002266897,88.0,0.0
621,12.0,0.003147999999782769,88.0,0.0
622,12.0,0.0025040000000444707,88.0,0.0
623,12.0,0.0024910000001909793,88.0,0.0
624,16.0,0.003150000000005093,84.0,0.0
625,14.0,0.0025880000002871384,86.0,0.0
626,12.0,0.003849000000172964,88.0,0.0
627,12.0,0.0037080000001878943,88.0,0.0
628,16.0,0.003916000000117492,84.0,0.0
629,12.0,0.0029850000000806176,88.0,0.0
630,12.0,0.0031530000001112057,88.0,0.0
631,12.0,0.002128999999968073,88.0,0.0
632,14.0,0.0033650000000307045,86.0,0.0
633,12.0,0.0033899999998538988,88.0,0.0
634,12.0,0.0020230000000083237,88.0,0.0
635,14.0,0.0033469999998487765,86.0,0.0
636,12.0,0.002545000000282016,88.0,0.0
637,12.0,0.0025519999999232823,88.0,0.0
638,12.0,0.0030719999999746506,88.0,0.0
639,12.0,0.0023120000000744767,88.0,0.0
640,12.0,0.0022930000000087603,88.0,0.0
641,13.0,0.002888999999868247,-12.0,0.0
642,14.0,0.0030249999999796273,86.0,0.0
643,14.0,0.003062000000227272,86.0,0.0
644,13.0,0.0034479999999348365,87.0,0.0
645,12.0,0.003072999999858439,88.0,0.0
646,18.0,0.004972000000179833,-17.0,0.0
647,12.0,0.003464999999778229,88.0,0.0
648,14.0,0.004227999999784515,86.0,0.0
649,12.0,0.0028999999999541615,88.0,0.0
650,12.0,0.002403999999842199,88.0,0.0
651,16.0,0.00379800000018804,-15.0,0.0
652,12.0,0.002782000000024709,88.0,0.0
653,12.0,0.003099000000020169,88.0,0.0
654,12.0,0.0031039999998938583,88.0,0.0
655,14.0,0.0032660000001669687,86.0,0.0
656,20.0,0.0038989999998193525,-19.0,0.0
657,12.0,0.003075000000080763,88.0,0.0
658,14.0,0.003135999999813066,86.0,0.0
659,27.0,0.006276999999954569,-125.0,0.0
660,12.0,0.002973999999994703,88.0,0.0
661,12.0,0.0021990000000187138,88.0,0.0
662,12.0,0.003095000000030268,88.0,0.0
663,14.0,0.004066999999849941,86.0,0.0
664,25.0,0.005710999999791966,-24.0,0.0
665,12.0,0.0022149999999783176,88.0,0.0
666,38.0,0.006814000000304077,-136.0,0.0
667,14.0,0.0033490000000711007,86.0,0.0
668,14.0,0.0038600000002588786,86.0,0.0
669,19.0,0.003861000000142667,-18.0,0.0
670,23.0,0.00447600000006787,-22.0,0.0
671,12.0,0.0025560000003679306,88.0,0.0
672,14.0,0.003557999999884487,86.0,0.0
673,16.0,0.00286099999993894,84.0,0.0
674,12.0,0.003246000000217464,88.0,0.0
675,18.0,0.0035790000001725275,-17.0,0.0
676,12.0,0.00256100000024162,88.0,0.0
677,12.0,0.0026170000001002336,88.0,0.0
678,16.0,0.0032139999998435087,84.0,0.0
679,12.0,0.002707000000100379,88.0,0.0
680,12.0,0.0028600000000551518,88.0,0.0
681,14.0,0.003271000000040658,86.0,0.0
682,18.0,0.003503000000364409,82.0,0.0
683,21.0,0.0036720000002787856,-20.0,0.0
684,14.0,0.003944000000046799,86.0,0.0
685,12.0,0.0038260000001173466,88.0,0.0
686,12.0,0.002579999999852589,88.0,0.0
687,14.0,0.0030940000001464796,86.0,0.0
688,12.0,0.00220900000022084,88.0,0.0
689,29.0,0.005898999999772059,-28.0,0.0
690,12.0,0.002917999999681342,88.0,0.0
691,15.0,0.004275999999663327,-14.0,0.0
692,14.0,0.00258399999984249,86.0,0.0
693,15.0,0.0029999999997016857,-14.0,0.0
694,14.0,0.0030980000001363805,86.0,0.0
695,16.0,0.002870000000257278,-15.0,0.0
696,12.0,0.0029600000002574234,88.0,0.0
697,14.0,0.002937000000201806,86.0,0.0
698,12.0,0.0026619999998729327,88.0,0.0
699,12.0,0.0021619999997710693,88.0,0.0
700,12.0,0.0029019999997217383,88.0,0.0
701,14.0,0.0036340000001473527,86.0,0.0
702,19.0,0.004386000000067725,-18.0,0.0
703,12.0,0.0024790000002212764,88.0,0.0
704,14.0,0.002996000000166532,86.0,0.0
705,20.0,0.004334999999628053,-19.0,0.0
706,21.0,0.003975000000082218,-20.0,0.0
707,14.0,0.002966000000014901,86.0,0.0
708,14.0,0.003377999999884196,86.0,0.0
709,12.0,0.0025860000000648142,88.0,0.0
710,12.0,0.002963999999792577,88.0,0.0
711,12.0,0.002449999999953434,88.0,0.0
712,12.0,0.003347999999732565,88.0,0.0
713,12.0,0.004136000000016793,88.0,0.0
714,12.0,0.0032099999998536077,88.0,0.0
715,14.0,0.003469000000222877,86.0,0.0
716,14.0,0.004081000000041968,86.0,0.0
717,14.0,0.002389999999650172,86.0,0.0
718,26.0,0.005638999999973748,-25.0,0.0
719,14.0,0.0027920000002268353,86.0,0.0
720,12.0,0.0034380000001874578,88.0,0.0
721,12.0,0.0024309999998877174,88.0,0.0
722,14.0,0.002864999999928841,86.0,0.0
723,14.0,0.0037750000001324224,86.0,0.0
724,12.0,0.003385999999863998,88.0,0.0
725,18.0,0.0041839999998956046,82.0,0.0
726,12.0,0.003020000000105938,88.0,0.0
727,14.0,0.0031349999999292777,86.0,0.0
728,14.0,0.003624999999829015,86.0,0.0
729,13.0,0.003036000000065542,87.0,0.0
730,24.0,0.005200000000058935,-23.0,0.0
731,12.0,0.002769000000171218,88.0,0.0
732,12.0,0.0030510000001413573,88.0,0.0
733,27.0,0.0056009999998423154,-224.0,0.0
734,12.0,0.0021499999998013664,88.0,0.0
735,12.0,0.0021879999999327993,88.0,0.0
736,12.0,0.0025929999997060804,88.0,0.0
737,19.0,0.003823000000011234,81.0,0.0
738,22.0,0.004526999999598047,-120.0,0.0
739,12.0,0.002399999999852298,88.0,0.0
740,25.0,0.005402999999660096,-24.0,0.0
741,18.0,0.0032780000001366716,82.0,0.0
742,12.0,0.0024229999999079155,88.0,0.0
743,12.0,0.002577000000201224,88.0,0.0
744,12.0,0.002320999999938067,88.0,0.0
745,16.0,0.003058999999666412,-15.0,0.0
746,12.0,0.002406000000064523,88.0,0.0
747,12.0,0.0023600000004080357,88.0,0.0
748,14.0,0.0033480000001873123,86.0,0.0
749,12.0,0.002668000000085158,88.0,0.0
750,14.0,0.0022710000002916786,86.0,0.0
751,12.0,0.0018749999999272404,88.0,0.0
752,14.0,0.003005999999913911,86.0,0.0
753,12.0,0.002745000000231812,88.0,0.0
754,14.0,0.0028900000002067827,86.0,0.0
755,13.0,0.0025909999999385036,87.0,0.0
756,15.0,0.0030960000003688037,85.0,0.0
757,14.0,0.0032860000001164735,86.0,0.0
758,13.0,0.002993999999944208,87.0,0.0
759,13.0,0.002352999999857275,87.0,0.0
760,12.0,0.0023780000001352164,88.0,0.0
761,13.0,0.0025700000001052103,87.0,0.0
762,12.0,0.0035139999999955762,88.0,0.0
763,12.0,0.0028390000002218585,88.0,0.0
764,12.0,0.0025300000002062006,88.0,0.0
765,12.0,0.002602000000024418,88.0,0.0
766,12.0,0.002500999999938358,88.0,0.0
767,14.0,0.0029789999998683925,86.0,0.0
768,12.0,0.002904999999827851,88.0,0.0
769,20.0,0.00504399999999805,80.0,0.0
770,14.0,0.003527000000303815,86.0,0.0
771,13.0,0.0030050000000301225,87.0,0.0
772,12.0,0.0023370000003524183,88.0,0.0
773,14.0,0.004192999999759195,86.0,0.0
774,12.0,0.002830999999787309,88.0,0.0
775,12.0,0.0024229999999079155,88.0,0.0
776,17.0,0.004802000000381668,-16.0,0.0
777,36.0,0.00684400000000096,-134.0,0.0
778,14.0,0.0033759999996618717,86.0,0.0
779,12.0,0.0023439999999936845,88.0,0.0
780,16.0,0.003539000000273518,-15.0,0.0
781,12.0,0.0027749999999286956,88.0,0.0
782,12.0,0.002344999999877473,88.0,0.0
783,18.0,0.0033950000001823355,-17.0,0.0
784,16.0,0.003277000000252883,84.0,0.0
785,12.0,0.002430000000003929,88.0,0.0
786,12.0,0.002502000000276894,88.0,0.0
787,14.0,0.0036239999999452266,86.0,0.0
788,12.0,0.002778000000034808,88.0,0.0
789,16.0,0.0038380000000870496,84.0,0.0
790,12.0,0.0025840000002972374,88.0,0.0
791,12.0,0.002553999999690859,88.0,0.0
792,12.0,0.0026169999996454862,88.0,0.0
793,13.0,0.004250999999840133,87.0,0.0
794,12.0,0.0032839999998941494,88.0,0.0
795,12.0,0.003486999999950058,88.0,0.0
796,12.0,0.003426000000217755,88.0,0.0
797,12.0,0.0026430000002619636,88.0,0.0
798,12.0,0.003356000000167114,88.0,0.0
799,12.0,0.0033939999998437997,88.0,0.0
800,14.0,0.0033370000001013977,86.0,0.0
801,12.0,0.0022770000000491564,88.0,0.0
802,12.0,0.002771999999822583,88.0,0.0
803,14.0,0.0032179999998334097,86.0,0.0
804,17.0,0.0038700000000062573,-16.0,0.0
805,12.0,0.002575999999862688,88.0,0.0
806,14.0,0.0029500000000552973,86.0,0.0
807,14.0,0.003519999999753054,86.0,0.0
808,12.0,0.003525999999965279,88.0,0.0
809,12.0,0.0030660000002171728,88.0,0.0
810,12.0,0.0024589999998170242,88.0,0.0
811,14.0,0.0027909999998882995,86.0,0.0
812,12.0,0.0024249999996754923,88.0,0.0
813,12.0,0.0024549999998271232,88.0,0.0
814,15.0,0.0032780000001366716,-14.0,0.0
815,12.0,0.002603999999791995,88.0,0.0
816,20.0,0.003711999999723048,-19.0,0.0
817,12.0,0.0021840000003976456,88.0,0.0
818,12.0,0.003032000000075641,88.0,0.0
819,24.0,0.00437499999998181,-23.0,0.0
820,12.0,0.002367000000049302,88.0,0.0
821,12.0,0.0026609999999891443,88.0,0.0
822,12.0,0.0033060000000659784,88.0,0.0
823,13.0,0.0025359999999636784,87.0,0.0
824,12.0,0.001977000000351836,88.0,0.0
825,27.0,0.0075980000001436565,-125.0,0.0
826,12.0,0.002957999999580352,88.0,0.0
827,12.0,0.004522000000179105,88.0,0.0
828,12.0,0.0027359999999134743,88.0,0.0
829,12.0,0.0028310000002420566,88.0,0.0
830,14.0,0.0025920000002770394,86.0,0.0
831,12.0,0.003628999999818916,88.0,0.0
832,12.0,0.002581000000191125,88.0,0.0
833,12.0,0.003390999999737687,88.0,0.0
834,16.0,0.0031600000002072193,84.0,0.0
835,12.0,0.0023759999999128922,88.0,0.0
836,12.0,0.0031269999999494758,88.0,0.0
837,14.0,0.0028600000000551518,86.0,0.0
838,30.0,0.006049000000075466,-29.0,0.0
839,12.0,0.0024370000000999426,88.0,0.0
840,12.0,0.0025700000001052103,88.0,0.0
841,16.0,0.0032619999997223204,84.0,0.0
842,14.0,0.0026960000000144646,86.0,0.0
843,12.0,0.002559000000019296,88.0,0.0
844,12.0,0.0023360000000138825,88.0,0.0
845,12.0,0.002488999999968655,88.0,0.0
846,12.0,0.0026530000000093423,88.0,0.0
847,14.0,0.002581000000191125,86.0,0.0
848,22.0,0.004151999999976397,-21.0,0.0
849,15.0,0.0028919999999743595,85.0,0.0
850,13.0,0.0027289999998174608,-12.0,0.0
851,12.0,0.0027260000001660956,88.0,0.0
852,12.0,0.0026410000000396394,88.0,0.0
853,12.0,0.0026530000000093423,88.0,0.0
854,12.0,0.0026450000000295404,88.0,0.0
855,12.0,0.0024349999998776184,88.0,0.0
856,12.0,0.001958999999715161,88.0,0.0
857,12.0,0.0019640000000435975,88.0,0.0
858,12.0,0.0033260000000154832,88.0,0.0
859,12.0,0.0030639999999948486,88.0,0.0
860,12.0,0.0023940000000948203,88.0,0.0
861,12.0,0.0030739999997422274,88.0,0.0
862,17.0,0.003999000000021624,-16.0,0.0
863,12.0,0.0035450000000309956,88.0,0.0
864,14.0,0.0042360000002190645,86.0,0.0
865,12.0,0.0026609999999891443,88.0,0.0
866,12.0,0.0032459999997627165,88.0,0.0
867,12.0,0.002474999999776628,88.0,0.0
868,12.0,0.00286099999993894,88.0,0.0
869,12.0,0.0023980000000847213,88.0,0.0
870,16.0,0.003188000000136526,-15.0,0.0
871,16.0,0.0032320000000254367,84.0,0.0
872,12.0,0.002641999999923428,88.0,0.0
873,12.0,0.003501000000142085,88.0,0.0
874,12.0,0.0031020000001262815,88.0,0.0
875,14.0,0.0027400000003581226,86.0,0.0
876,12.0,0.0025160000000141736,88.0,0.0
877,13.0,0.002957000000151311,87.0,0.0
878,12.0,0.001758999999765365,88.0,0.0
879,14.0,0.0019800000000032014,86.0,0.0
880,12.0,0.003294999999980064,88.0,0.0
881,12.0,0.0030600000000049477,88.0,0.0
882,14.0,0.003460999999788328,86.0,0.0
883,12.0,0.0026800000000548607,88.0,0.0
884,14.0,0.003424999999879219,86.0,0.0
885,14.0,0.00292699999999968,86.0,0.0
886,12.0,0.0029289999997672567,88.0,0.0
887,12.0,0.003133000000161701,88.0,0.0
888,16.0,0.0038789999998698477,84.0,0.0
889,15.0,0.003165999999964697,-14.0,0.0
890,16.0,0.0038500000000567525,84.0,0.0
891,12.0,0.0020919999997204286,88.0,0.0
892,12.0,0.002804000000196538,88.0,0.0
893,12.0,0.0031260000000656873,88.0,0.0
894,12.0,0.003058999999666412,88.0,0.0
895,14.0,0.004196999999749096,86.0,0.0
896,18.0,0.003561999999874388,82.0,0.0
897,12.0,0.0028879999999844586,88.0,0.0
898,12.0,0.0022269999999480206,88.0,0.0
899,12.0,0.002327000000150292,88.0,0.0
900,14.0,0.002444000000195956,86.0,0.0
901,18.0,0.0032110000001921435,-17.0,0.0
902,12.0,0.0014169999999467109,88.0,0.0
903,19.0,0.003517000000101689,-18.0,0.0
904,12.0,0.0025559999999131833,88.0,0.0
905,12.0,0.0039069999997991545,88.0,0.0
906,12.0,0.002720999999837659,88.0,0.0
907,12.0,0.003276999999798136,88.0,0.0
908,12.0,0.0026479999996809056,88.0,0.0
909,12.0,0.0030020000003787572,88.0,0.0
910,14.0,0.003962000000228727,86.0,0.0
911,14.0,0.0036119999999755237,86.0,0.0
912,15.0,0.0035589999997682753,85.0,0.0
913,16.0,0.004182000000128028,84.0,0.0
914,14.0,0.0034490000002733723,86.0,0.0
915,14.0,0.003889999999955762,86.0,0.0
916,14.0,0.002981999999974505,86.0,0.0
917,12.0,0.0029420000000754953,88.0,0.0
918,12.0,0.003287000000000262,88.0,0.0
919,12.0,0.0025709999999889988,88.0,0.0
920,12.0,0.0030339999998432177,88.0,0.0
921,12.0,0.0033330000001114968,88.0,0.0
922,18.0,0.0035609999999905995,-17.0,0.0
923,13.0,0.002419999999801803,87.0,0.0
924,22.0,0.00513299999965966,-21.0,0.0
925,14.0,0.003110999999989872,86.0,0.0
926,12.0,0.0033329999996567494,88.0,0.0
927,12.0,0.003044999999929132,88.0,0.0
928,12.0,0.0022049999997761915,88.0,0.0
929,12.0,0.0027629999999589927,88.0,0.0
930,12.0,0.003105999999661435,88.0,0.0
931,12.0,0.002094999999826541,88.0,0.0
932,12.0,0.0023040000000946748,88.0,0.0
933,14.0,0.003956000000016502,86.0,0.0
934,16.0,0.0030700000002070738,-15.0,0.0
935,12.0,0.002644000000145752,88.0,0.0
936,13.0,0.0025599999999030842,87.0,0.0
937,23.0,0.0039969999997993,-22.0,0.0
938,12.0,0.00250899999991816,88.0,0.0
939,12.0,0.002791999999772088,88.0,0.0
940,12.0,0.0022210000001905428,88.0,0.0
941,14.0,0.00250899999991816,86.0,0.0
942,12.0,0.0034929999997075356,88.0,0.0
943,14.0,0.003113999999641237,86.0,0.0
944,14.0,0.0046160000001691515,86.0,0.0
945,12.0,0.002751999999873078,88.0,0.0
946,12.0,0.0028949999996257247,88.0,0.0
947,12.0,0.0028940000001966837,88.0,0.0
948,12.0,0.0031229999999595748,88.0,0.0
949,14.0,0.003598000000238244,86.0,0.0
950,13.0,0.002769000000171218,-12.0,0.0
951,12.0,0.0029540000000451982,88.0,0.0
952,12.0,0.0023160000000643777,88.0,0.0
953,12.0,0.003574000000298838,88.0,0.0
954,12.0,0.002414000000044325,88.0,0.0
955,12.0,0.0031509999998888816,88.0,0.0
956,20.0,0.004588000000239845,-19.0,0.0
957,12.0,0.0020220000001245353,88.0,0.0
958,12.0,0.002746999999999389,88.0,0.0
959,12.0,0.002423999999791704,88.0,0.0
960,14.0,0.002891000000090571,86.0,0.0
961,12.0,0.0023700000001554145,88.0,0.0
962,12.0,0.00258399999984249,88.0,0.0
963,12.0,0.002500999999938358,88.0,0.0
964,14.0,0.004014999999981228,86.0,0.0
965,12.0,0.0026490000000194414,88.0,0.0
966,18.0,0.003507999999783351,-17.0,0.0
967,12.0,0.002482000000327389,88.0,0.0
968,12.0,0.0028720000000248547,88.0,0.0
969,12.0,0.003925999999864871,88.0,0.0
970,12.0,0.0022209999997357954,88.0,0.0
971,13.0,0.003412000000025728,87.0,0.0
972,12.0,0.0027300000001559965,88.0,0.0
973,18.0,0.003675000000384898,-17.0,0.0
974,12.0,0.00275999999985288,88.0,0.0
975,12.0,0.0023150000001805893,88.0,0.0
976,20.0,0.0038780000004408066,-19.0,0.0
977,14.0,0.0029540000000451982,86.0,0.0
978,12.0,0.002539000000069791,88.0,0.0
979,12.0,0.0024910000001909793,88.0,0.0
980,12.0,0.0027909999998882995,88.0,0.0
981,12.0,0.0024090000001706358,88.0,0.0
982,25.0,0.005480999999690539,-24.0,0.0
983,12.0,0.0033910000001924345,88.0,0.0
984,12.0,0.0022669999998470303,88.0,0.0
985,14.0,0.0031820000003790483,86.0,0.0
986,19.0,0.004793999999947118,-18.0,0.0
987,12.0,0.002606000000014319,88.0,0.0
988,12.0,0.003914999999778956,88.0,0.0
989,14.0,0.003584000000046217,86.0,0.0
990,14.0,0.0032099999998536077,86.0,0.0
991,14.0,0.0028879999999844586,86.0,0.0
992,16.0,0.0029869999998481944,84.0,0.0
993,23.0,0.005016000000068743,-22.0,0.0
994,12.0,0.0030779999997321283,88.0,0.0
995,12.0,0.0027039999999942665,88.0,0.0
996,14.0,0.003313000000161992,86.0,0.0
997,18.0,0.003460999999788328,-17.0,0.0
998,12.0,0.0028339999998934218,88.0,0.0
999,12.0,0.003181999999924301,88.0,0.0
1000,0.0,0.0,0.0,0.0
1001,0.0,0.0,0.0,0.0
1002,0.0,0.0,0.0,0.0
1003,0.0,0.0,0.0,0.0
1004,0.0,0.0,0.0,0.0
1005,0.0,0.0,0.0,0.0
1006,0.0,0.0,0.0,0.0
1007,0.0,0.0,0.0,0.0
1008,0.0,0.0,0.0,0.0
1009,0.0,0.0,0.0,0.0
1010,0.0,0.0,0.0,0.0
1011,0.0,0.0,0.0,0.0
1012,0.0,0.0,0.0,0.0
1013,0.0,0.0,0.0,0.0
1014,0.0,0.0,0.0,0.0
1015,0.0,0.0,0.0,0.0
1016,0.0,0.0,0.0,0.0
1017,0.0,0.0,0.0,0.0
1018,0.0,0.0,0.0,0.0
1019,0.0,0.0,0.0,0.0
1020,0.0,0.0,0.0,0.0
1021,0.0,0.0,0.0,0.0
1022,0.0,0.0,0.0,0.0
1023,0.0,0.0,0.0,0.0
1024,0.0,0.0,0.0,0.0
1025,0.0,0.0,0.0,0.0
1026,0.0,0.0,0.0,0.0
1027,0.0,0.0,0.0,0.0
1028,0.0,0.0,0.0,0.0
1029,0.0,0.0,0.0,0.0
1030,0.0,0.0,0.0,0.0
1031,0.0,0.0,0.0,0.0
1032,0.0,0.0,0.0,0.0
1033,0.0,0.0,0.0,0.0
1034,0.0,0.0,0.0,0.0
1035,0.0,0.0,0.0,0.0
1036,0.0,0.0,0.0,0.0
1037,0.0,0.0,0.0,0.0
1038,0.0,0.0,0.0,0.0
1039,0.0,0.0,0.0,0.0
1040,0.0,0.0,0.0,0.0
1041,0.0,0.0,0.0,0.0
1042,0.0,0.0,0.0,0.0
1043,0.0,0.0,0.0,0.0
1044,0.0,0.0,0.0,0.0
1045,0.0,0.0,0.0,0.0
1046,0.0,0.0,0.0,0.0
1047,0.0,0.0,0.0,0.0
1048,0.0,0.0,0.0,0.0
1049,0.0,0.0,0.0,0.0
1050,0.0,0.0,0.0,0.0
1051,0.0,0.0,0.0,0.0
1052,0.0,0.0,0.0,0.0
1053,0.0,0.0,0.0,0.0
1054,0.0,0.0,0.0,0.0
1055,0.0,0.0,0.0,0.0
1056,0.0,0.0,0.0,0.0
1057,0.0,0.0,0.0,0.0
1058,0.0,0.0,0.0,0.0
1059,0.0,0.0,0.0,0.0
1060,0.0,0.0,0.0,0.0
1061,0.0,0.0,0.0,0.0
1062,0.0,0.0,0.0,0.0
1063,0.0,0.0,0.0,0.0
1064,0.0,0.0,0.0,0.0
1065,0.0,0.0,0.0,0.0
1066,0.0,0.0,0.0,0.0
1067,0.0,0.0,0.0,0.0
1068,0.0,0.0,0.0,0.0
1069,0.0,0.0,0.0,0.0
1070,0.0,0.0,0.0,0.0
1071,0.0,0.0,0.0,0.0
1072,0.0,0.0,0.0,0.0
1073,0.0,0.0,0.0,0.0
1074,0.0,0.0,0.0,0.0
1075,0.0,0.0,0.0,0.0
1076,0.0,0.0,0.0,0.0
1077,0.0,0.0,0.0,0.0
1078,0.0,0.0,0.0,0.0
1079,0.0,0.0,0.0,0.0
1080,0.0,0.0,0.0,0.0
1081,0.0,0.0,0.0,0.0
1082,0.0,0.0,0.0,0.0
1083,0.0,0.0,0.0,0.0
1084,0.0,0.0,0.0,0.0
1085,0.0,0.0,0.0,0.0
1086,0.0,0.0,0.0,0.0
1087,0.0,0.0,0.0,0.0
1088,0.0,0.0,0.0,0.0
1089,0.0,0.0,0.0,0.0
1090,0.0,0.0,0.0,0.0
1091,0.0,0.0,0.0,0.0
1092,0.0,0.0,0.0,0.0
1093,0.0,0.0,0.0,0.0
1094,0.0,0.0,0.0,0.0
1095,0.0,0.0,0.0,0.0
1096,0.0,0.0,0.0,0.0
1097,0.0,0.0,0.0,0.0
1098,0.0,0.0,0.0,0.0
1099,0.0,0.0,0.0,0.0
1100,0.0,0.0,0.0,0.0
1101,0.0,0.0,0.0,0.0
1102,0.0,0.0,0.0,0.0
1103,0.0,0.0,0.0,0.0
1104,0.0,0.0,0.0,0.0
1105,0.0,0.0,0.0,0.0
1106,0.0,0.0,0.0,0.0
1107,0.0,0.0,0.0,0.0
1108,0.0,0.0,0.0,0.0
1109,0.0,0.0,0.0,0.0
1110,0.0,0.0,0.0,0.0
1111,0.0,0.0,0.0,0.0
1112,0.0,0.0,0.0,0.0
1113,0.0,0.0,0.0,0.0
1114,0.0,0.0,0.0,0.0
1115,0.0,0.0,0.0,0.0
1116,0.0,0.0,0.0,0.0
1117,0.0,0.0,0.0,0.0
1118,0.0,0.0,0.0,0.0
1119,0.0,0.0,0.0,0.0
1120,0.0,0.0,0.0,0.0
1121,0.0,0.0,0.0,0.0
1122,0.0,0.0,0.0,0.0
1123,0.0,0.0,0.0,0.0
1124,0.0,0.0,0.0,0.0
1125,0.0,0.0,0.0,0.0
1126,0.0,0.0,0.0,0.0
1127,0.0,0.0,0.0,0.0
1128,0.0,0.0,0.0,0.0
1129,0.0,0.0,0.0,0.0
1130,0.0,0.0,0.0,0.0
1131,0.0,0.0,0.0,0.0
1132,0.0,0.0,0.0,0.0
1133,0.0,0.0,0.0,0.0
1134,0.0,0.0,0.0,0.0
1135,0.0,0.0,0.0,0.0
1136,0.0,0.0,0.0,0.0
1137,0.0,0.0,0.0,0.0
1138,0.0,0.0,0.0,0.0
1139,0.0,0.0,0.0,0.0
1140,0.0,0.0,0.0,0.0
1141,0.0,0.0,0.0,0.0
1142,0.0,0.0,0.0,0.0
1143,0.0,0.0,0.0,0.0
1144,0.0,0.0,0.0,0.0
1145,0.0,0.0,0.0,0.0
1146,0.0,0.0,0.0,0.0
1147,0.0,0.0,0.0,0.0
1148,0.0,0.0,0.0,0.0
1149,0.0,0.0,0.0,0.0
1150,0.0,0.0,0.0,0.0
1151,0.0,0.0,0.0,0.0
1152,0.0,0.0,0.0,0.0
1153,0.0,0.0,0.0,0.0
1154,0.0,0.0,0.0,0.0
1155,0.0,0.0,0.0,0.0
1156,0.0,0.0,0.0,0.0
1157,0.0,0.0,0.0,0.0
1158,0.0,0.0,0.0,0.0
1159,0.0,0.0,0.0,0.0
1160,0.0,0.0,0.0,0.0
1161,0.0,0.0,0.0,0.0
1162,0.0,0.0,0.0,0.0
1163,0.0,0.0,0.0,0.0
1164,0.0,0.0,0.0,0.0
1165,0.0,0.0,0.0,0.0
1166,0.0,0.0,0.0,0.0
1167,0.0,0.0,0.0,0.0
1168,0.0,0.0,0.0,0.0
1169,0.0,0.0,0.0,0.0
1170,0.0,0.0,0.0,0.0
1171,0.0,0.0,0.0,0.0
1172,0.0,0.0,0.0,0.0
1173,0.0,0.0,0.0,0.0
1174,0.0,0.0,0.0,0.0
1175,0.0,0.0,0.0,0.0
1176,0.0,0.0,0.0,0.0
1177,0.0,0.0,0.0,0.0
1178,0.0,0.0,0.0,0.0
1179,0.0,0.0,0.0,0.0
1180,0.0,0.0,0.0,0.0
1181,0.0,0.0,0.0,0.0
1182,0.0,0.0,0.0,0.0
1183,0.0,0.0,0.0,0.0
1184,0.0,0.0,0.0,0.0
1185,0.0,0.0,0.0,0.0
1186,0.0,0.0,0.0,0.0
1187,0.0,0.0,0.0,0.0
1188,0.0,0.0,0.0,0.0
1189,0.0,0.0,0.0,0.0
1190,0.0,0.0,0.0,0.0
1191,0.0,0.0,0.0,0.0
1192,0.0,0.0,0.0,0.0
1193,0.0,0.0,0.0,0.0
1194,0.0,0.0,0.0,0.0
1195,0.0,0.0,0.0,0.0
1196,0.0,0.0,0.0,0.0
1197,0.0,0.0,0.0,0.0
1198,0.0,0.0,0.0,0.0
1199,0.0,0.0,0.0,0.0
1200,0.0,0.0,0.0,0.0
1201,0.0,0.0,0.0,0.0
1202,0.0,0.0,0.0,0.0
1203,0.0,0.0,0.0,0.0
1204,0.0,0.0,0.0,0.0
1205,0.0,0.0,0.0,0.0
1206,0.0,0.0,0.0,0.0
1207,0.0,0.0,0.0,0.0
1208,0.0,0.0,0.0,0.0
1209,0.0,0.0,0.0,0.0
1210,0.0,0.0,0.0,0.0
1211,0.0,0.0,0.0,0.0
1212,0.0,0.0,0.0,0.0
1213,0.0,0.0,0.0,0.0
1214,0.0,0.0,0.0,0.0
1215,0.0,0.0,0.0,0.0
1216,0.0,0.0,0.0,0.0
1217,0.0,0.0,0.0,0.0
1218,0.0,0.0,0.0,0.0
1219,0.0,0.0,0.0,0.0
1220,0.0,0.0,0.0,0.0
1221,0.0,0.0,0.0,0.0
1222,0.0,0.0,0.0,0.0
1223,0.0,0.0,0.0,0.0
1224,0.0,0.0,0.0,0.0
1225,0.0,0.0,0.0,0.0
1226,0.0,0.0,0.0,0.0
1227,0.0,0.0,0.0,0.0
1228,0.0,0.0,0.0,0.0
1229,0.0,0.0,0.0,0.0
1230,0.0,0.0,0.0,0.0
1231,0.0,0.0,0.0,0.0
1232,0.0,0.0,0.0,0.0
1233,0.0,0.0,0.0,0.0
1234,0.0,0.0,0.0,0.0
1235,0.0,0.0,0.0,0.0
1236,0.0,0.0,0.0,0.0
1237,0.0,0.0,0.0,0.0
1238,0.0,0.0,0.0,0.0
1239,0.0,0.0,0.0,0.0
1240,0.0,0.0,0.0,0.0
1241,0.0,0.0,0.0,0.0
1242,0.0,0.0,0.0,0.0
1243,0.0,0.0,0.0,0.0
1244,0.0,0.0,0.0,0.0
1245,0.0,0.0,0.0,0.0
1246,0.0,0.0,0.0,0.0
1247,0.0,0.0,0.0,0.0
1248,0.0,0.0,0.0,0.0
1249,0.0,0.0,0.0,0.0
1250,0.0,0.0,0.0,0.0
1251,0.0,0.0,0.0,0.0
1252,0.0,0.0,0.0,0.0
1253,0.0,0.0,0.0,0.0
1254,0.0,0.0,0.0,0.0
1255,0.0,0.0,0.0,0.0
1256,0.0,0.0,0.0,0.0
1257,0.0,0.0,0.0,0.0
1258,0.0,0.0,0.0,0.0
1259,0.0,0.0,0.0,0.0
1260,0.0,0.0,0.0,0.0
1261,0.0,0.0,0.0,0.0
1262,0.0,0.0,0.0,0.0
1263,0.0,0.0,0.0,0.0
1264,0.0,0.0,0.0,0.0
1265,0.0,0.0,0.0,0.0
1266,0.0,0.0,0.0,0.0
1267,0.0,0.0,0.0,0.0
1268,0.0,0.0,0.0,0.0
1269,0.0,0.0,0.0,0.0
1270,0.0,0.0,0.0,0.0
1271,0.0,0.0,0.0,0.0
1272,0.0,0.0,0.0,0.0
1273,0.0,0.0,0.0,0.0
1274,0.0,0.0,0.0,0.0
1275,0.0,0.0,0.0,0.0
1276,0.0,0.0,0.0,0.0
1277,0.0,0.0,0.0,0.0
1278,0.0,0.0,0.0,0.0
1279,0.0,0.0,0.0,0.0
1280,0.0,0.0,0.0,0.0
1281,0.0,0.0,0.0,0.0
1282,0.0,0.0,0.0,0.0
1283,0.0,0.0,0.0,0.0
1284,0.0,0.0,0.0,0.0
1285,0.0,0.0,0.0,0.0
1286,0.0,0.0,0.0,0.0
1287,0.0,0.0,0.0,0.0
1288,0.0,0.0,0.0,0.0
1289,0.0,0.0,0.0,0.0
1290,0.0,0.0,0.0,0.0
1291,0.0,0.0,0.0,0.0
1292,0.0,0.0,0.0,0.0
1293,0.0,0.0,0.0,0.0
1294,0.0,0.0,0.0,0.0
1295,0.0,0.0,0.0,0.0
1296,0.0,0.0,0.0,0.0
1297,0.0,0.0,0.0,0.0
1298,0.0,0.0,0.0,0.0
1299,0.0,0.0,0.0,0.0
1300,0.0,0.0,0.0,0.0
1301,0.0,0.0,0.0,0.0
1302,0.0,0.0,0.0,0.0
1303,0.0,0.0,0.0,0.0
1304,0.0,0.0,0.0,0.0
1305,0.0,0.0,0.0,0.0
1306,0.0,0.0,0.0,0.0
1307,0.0,0.0,0.0,0.0
1308,0.0,0.0,0.0,0.0
1309,0.0,0.0,0.0,0.0
1310,0.0,0.0,0.0,0.0
1311,0.0,0.0,0.0,0.0
1312,0.0,0.0,0.0,0.0
1313,0.0,0.0,0.0,0.0
1314,0.0,0.0,0.0,0.0
1315,0.0,0.0,0.0,0.0
1316,0.0,0.0,0.0,0.0
1317,0.0,0.0,0.0,0.0
1318,0.0,0.0,0.0,0.0
1319,0.0,0.0,0.0,0.0
1320,0.0,0.0,0.0,0.0
1321,0.0,0.0,0.0,0.0
1322,0.0,0.0,0.0,0.0
1323,0.0,0.0,0.0,0.0
1324,0.0,0.0,0.0,0.0
1325,0.0,0.0,0.0,0.0
1326,0.0,0.0,0.0,0.0
1327,0.0,0.0,0.0,0.0
1328,0.0,0.0,0.0,0.0
1329,0.0,0.0,0.0,0.0
1330,0.0,0.0,0.0,0.0
1331,0.0,0.0,0.0,0.0
1332,0.0,0.0,0.0,0.0
1333,0.0,0.0,0.0,0.0
1334,0.0,0.0,0.0,0.0
1335,0.0,0.0,0.0,0.0
1336,0.0,0.0,0.0,0.0
1337,0.0,0.0,0.0,0.0
1338,0.0,0.0,0.0,0.0
1339,0.0,0.0,0.0,0.0
1340,0.0,0.0,0.0,0.0
1341,0.0,0.0,0.0,0.0
1342,0.0,0.0,0.0,0.0
1343,0.0,0.0,0.0,0.0
1344,0.0,0.0,0.0,0.0
1345,0.0,0.0,0.0,0.0
1346,0.0,0.0,0.0,0.0
1347,0.0,0.0,0.0,0.0
1348,0.0,0.0,0.0,0.0
1349,0.0,0.0,0.0,0.0
1350,0.0,0.0,0.0,0.0
1351,0.0,0.0,0.0,0.0
1352,0.0,0.0,0.0,0.0
1353,0.0,0.0,0.0,0.0
1354,0.0,0.0,0.0,0.0
1355,0.0,0.0,0.0,0.0
1356,0.0,0.0,0.0,0.0
1357,0.0,0.0,0.0,0.0
1358,0.0,0.0,0.0,0.0
1359,0.0,0.0,0.0,0.0
1360,0.0,0.0,0.0,0.0
1361,0.0,0.0,0.0,0.0
1362,0.0,0.0,0.0,0.0
1363,0.0,0.0,0.0,0.0
1364,0.0,0.0,0.0,0.0
1365,0.0,0.0,0.0,0.0
1366,0.0,0.0,0.0,0.0
1367,0.0,0.0,0.0,0.0
1368,0.0,0.0,0.0,0.0
1369,0.0,0.0,0.0,0.0
1370,0.0,0.0,0.0,0.0
1371,0.0,0.0,0.0,0.0
1372,0.0,0.0,0.0,0.0
1373,0.0,0.0,0.0,0.0
1374,0.0,0.0,0.0,0.0
1375,0.0,0.0,0.0,0.0
1376,0.0,0.0,0.0,0.0
1377,0.0,0.0,0.0,0.0
1378,0.0,0.0,0.0,0.0
1379,0.0,0.0,0.0,0.0
1380,0.0,0.0,0.0,0.0
1381,0.0,0.0,0.0,0.0
1382,0.0,0.0,0.0,0.0
1383,0.0,0.0,0.0,0.0
1384,0.0,0.0,0.0,0.0
1385,0.0,0.0,0.0,0.0
1386,0.0,0.0,0.0,0.0
1387,0.0,0.0,0.0,0.0
1388,0.0,0.0,0.0,0.0
1389,0.0,0.0,0.0,0.0
1390,0.0,0.0,0.0,0.0
1391,0.0,0.0,0.0,0.0
1392,0.0,0.0,0.0,0.0
1393,0.0,0.0,0.0,0.0
1394,0.0,0.0,0.0,0.0
1395,0.0,0.0,0.0,0.0
1396,0.0,0.0,0.0,0.0
1397,0.0,0.0,0.0,0.0
1398,0.0,0.0,0.0,0.0
1399,0.0,0.0,0.0,0.0
1400,0.0,0.0,0.0,0.0
1401,0.0,0.0,0.0,0.0
1402,0.0,0.0,0.0,0.0
1403,0.0,0.0,0.0,0.0
1404,0.0,0.0,0.0,0.0
1405,0.0,0.0,0.0,0.0
1406,0.0,0.0,0.0,0.0
1407,0.0,0.0,0.0,0.0
1408,0.0,0.0,0.0,0.0
1409,0.0,0.0,0.0,0.0
1410,0.0,0.0,0.0,0.0
1411,0.0,0.0,0.0,0.0
1412,0.0,0.0,0.0,0.0
1413,0.0,0.0,0.0,0.0
1414,0.0,0.0,0.0,0.0
1415,0.0,0.0,0.0,0.0
1416,0.0,0.0,0.0,0.0
1417,0.0,0.0,0.0,0.0
1418,0.0,0.0,0.0,0.0
1419,0.0,0.0,0.0,0.0
1420,0.0,0.0,0.0,0.0
1421,0.0,0.0,0.0,0.0
1422,0.0,0.0,0.0,0.0
1423,0.0,0.0,0.0,0.0
1424,0.0,0.0,0.0,0.0
1425,0.0,0.0,0.0,0.0
1426,0.0,0.0,0.0,0.0
1427,0.0,0.0,0.0,0.0
1428,0.0,0.0,0.0,0.0
1429,0.0,0.0,0.0,0.0
1430,0.0,0.0,0.0,0.0
1431,0.0,0.0,0.0,0.0
1432,0.0,0.0,0.0,0.0
1433,0.0,0.0,0.0,0.0
1434,0.0,0.0,0.0,0.0
1435,0.0,0.0,0.0,0.0
1436,0.0,0.0,0.0,0.0
1437,0.0,0.0,0.0,0.0
1438,0.0,0.0,0.0,0.0
1439,0.0,0.0,0.0,0.0
1440,0.0,0.0,0.0,0.0
1441,0.0,0.0,0.0,0.0
1442,0.0,0.0,0.0,0.0
1443,0.0,0.0,0.0,0.0
1444,0.0,0.0,0.0,0.0
1445,0.0,0.0,0.0,0.0
1446,0.0,0.0,0.0,0.0
1447,0.0,0.0,0.0,0.0
1448,0.0,0.0,0.0,0.0
1449,0.0,0.0,0.0,0.0
1450,0.0,0.0,0.0,0.0
1451,0.0,0.0,0.0,0.0
1452,0.0,0.0,0.0,0.0
1453,0.0,0.0,0.0,0.0
1454,0.0,0.0,0.0,0.0
1455,0.0,0.0,0.0,0.0
1456,0.0,0.0,0.0,0.0
1457,0.0,0.0,0.0,0.0
1458,0.0,0.0,0.0,0.0
1459,0.0,0.0,0.0,0.0
1460,0.0,0.0,0.0,0.0
1461,0.0,0.0,0.0,0.0
1462,0.0,0.0,0.0,0.0
1463,0.0,0.0,0.0,0.0
1464,0.0,0.0,0.0,0.0
1465,0.0,0.0,0.0,0.0
1466,0.0,0.0,0.0,0.0
1467,0.0,0.0,0.0,0.0
1468,0.0,0.0,0.0,0.0
1469,0.0,0.0,0.0,0.0
1470,0.0,0.0,0.0,0.0
1471,0.0,0.0,0.0,0.0
1472,0.0,0.0,0.0,0.0
1473,0.0,0.0,0.0,0.0
1474,0.0,0.0,0.0,0.0
1475,0.0,0.0,0.0,0.0
1476,0.0,0.0,0.0,0.0
1477,0.0,0.0,0.0,0.0
1478,0.0,0.0,0.0,0.0
1479,0.0,0.0,0.0,0.0
1480,0.0,0.0,0.0,0.0
1481,0.0,0.0,0.0,0.0
1482,0.0,0.0,0.0,0.0
1483,0.0,0.0,0.0,0.0
1484,0.0,0.0,0.0,0.0
1485,0.0,0.0,0.0,0.0
1486,0.0,0.0,0.0,0.0
1487,0.0,0.0,0.0,0.0
1488,0.0,0.0,0.0,0.0
1489,0.0,0.0,0.0,0.0
1490,0.0,0.0,0.0,0.0
1491,0.0,0.0,0.0,0.0
1492,0.0,0.0,0.0,0.0
1493,0.0,0.0,0.0,0.0
1494,0.0,0.0,0.0,0.0
1495,0.0,0.0,0.0,0.0
1496,0.0,0.0,0.0,0.0
1497,0.0,0.0,0.0,0.0
1498,0.0,0.0,0.0,0.0
1499,0.0,0.0,0.0,0.0
1500,0.0,0.0,0.0,0.0
1501,0.0,0.0,0.0,0.0
1502,0.0,0.0,0.0,0.0
1503,0.0,0.0,0.0,0.0
1504,0.0,0.0,0.0,0.0
1505,0.0,0.0,0.0,0.0
1506,0.0,0.0,0.0,0.0
1507,0.0,0.0,0.0,0.0
1508,0.0,0.0,0.0,0.0
1509,0.0,0.0,0.0,0.0
1510,0.0,0.0,0.0,0.0
1511,0.0,0.0,0.0,0.0
1512,0.0,0.0,0.0,0.0
1513,0.0,0.0,0.0,0.0
1514,0.0,0.0,0.0,0.0
1515,0.0,0.0,0.0,0.0
1516,0.0,0.0,0.0,0.0
1517,0.0,0.0,0.0,0.0
1518,0.0,0.0,0.0,0.0
1519,0.0,0.0,0.0,0.0
1520,0.0,0.0,0.0,0.0
1521,0.0,0.0,0.0,0.0
1522,0.0,0.0,0.0,0.0
1523,0.0,0.0,0.0,0.0
1524,0.0,0.0,0.0,0.0
1525,0.0,0.0,0.0,0.0
1526,0.0,0.0,0.0,0.0
1527,0.0,0.0,0.0,0.0
1528,0.0,0.0,0.0,0.0
1529,0.0,0.0,0.0,0.0
1530,0.0,0.0,0.0,0.0
1531,0.0,0.0,0.0,0.0
1532,0.0,0.0,0.0,0.0
1533,0.0,0.0,0.0,0.0
1534,0.0,0.0,0.0,0.0
1535,0.0,0.0,0.0,0.0
1536,0.0,0.0,0.0,0.0
1537,0.0,0.0,0.0,0.0
1538,0.0,0.0,0.0,0.0
1539,0.0,0.0,0.0,0.0
1540,0.0,0.0,0.0,0.0
1541,0.0,0.0,0.0,0.0
1542,0.0,0.0,0.0,0.0
1543,0.0,0.0,0.0,0.0
1544,0.0,0.0,0.0,0.0
1545,0.0,0.0,0.0,0.0
1546,0.0,0.0,0.0,0.0
1547,0.0,0.0,0.0,0.0
1548,0.0,0.0,0.0,0.0
1549,0.0,0.0,0.0,0.0
1550,0.0,0.0,0.0,0.0
1551,0.0,0.0,0.0,0.0
1552,0.0,0.0,0.0,0.0
1553,0.0,0.0,0.0,0.0
1554,0.0,0.0,0.0,0.0
1555,0.0,0.0,0.0,0.0
1556,0.0,0.0,0.0,0.0
1557,0.0,0.0,0.0,0.0
1558,0.0,0.0,0.0,0.0
1559,0.0,0.0,0.0,0.0
1560,0.0,0.0,0.0,0.0
1561,0.0,0.0,0.0,0.0
1562,0.0,0.0,0.0,0.0
1563,0.0,0.0,0.0,0.0
1564,0.0,0.0,0.0,0.0
1565,0.0,0.0,0.0,0.0
1566,0.0,0.0,0.0,0.0
1567,0.0,0.0,0.0,0.0
1568,0.0,0.0,0.0,0.0
1569,0.0,0.0,0.0,0.0
1570,0.0,0.0,0.0,0.0
1571,0.0,0.0,0.0,0.0
1572,0.0,0.0,0.0,0.0
1573,0.0,0.0,0.0,0.0
1574,0.0,0.0,0.0,0.0
1575,0.0,0.0,0.0,0.0
1576,0.0,0.0,0.0,0.0
1577,0.0,0.0,0.0,0.0
1578,0.0,0.0,0.0,0.0
1579,0.0,0.0,0.0,0.0
1580,0.0,0.0,0.0,0.0
1581,0.0,0.0,0.0,0.0
1582,0.0,0.0,0.0,0.0
1583,0.0,0.0,0.0,0.0
1584,0.0,0.0,0.0,0.0
1585,0.0,0.0,0.0,0.0
1586,0.0,0.0,0.0,0.0
1587,0.0,0.0,0.0,0.0
1588,0.0,0.0,0.0,0.0
1589,0.0,0.0,0.0,0.0
1590,0.0,0.0,0.0,0.0
1591,0.0,0.0,0.0,0.0
1592,0.0,0.0,0.0,0.0
1593,0.0,0.0,0.0,0.0
1594,0.0,0.0,0.0,0.0
1595,0.0,0.0,0.0,0.0
1596,0.0,0.0,0.0,0.0
1597,0.0,0.0,0.0,0.0
1598,0.0,0.0,0.0,0.0
1599,0.0,0.0,0.0,0.0
1600,0.0,0.0,0.0,0.0
1601,0.0,0.0,0.0,0.0
1602,0.0,0.0,0.0,0.0
1603,0.0,0.0,0.0,0.0
1604,0.0,0.0,0.0,0.0
1605,0.0,0.0,0.0,0.0
1606,0.0,0.0,0.0,0.0
1607,0.0,0.0,0.0,0.0
1608,0.0,0.0,0.0,0.0
1609,0.0,0.0,0.0,0.0
1610,0.0,0.0,0.0,0.0
1611,0.0,0.0,0.0,0.0
1612,0.0,0.0,0.0,0.0
1613,0.0,0.0,0.0,0.0
1614,0.0,0.0,0.0,0.0
1615,0.0,0.0,0.0,0.0
1616,0.0,0.0,0.0,0.0
1617,0.0,0.0,0.0,0.0
1618,0.0,0.0,0.0,0.0
1619,0.0,0.0,0.0,0.0
1620,0.0,0.0,0.0,0.0
1621,0.0,0.0,0.0,0.0
1622,0.0,0.0,0.0,0.0
1623,0.0,0.0,0.0,0.0
1624,0.0,0.0,0.0,0.0
1625,0.0,0.0,0.0,0.0
1626,0.0,0.0,0.0,0.0
1627,0.0,0.0,0.0,0.0
1628,0.0,0.0,0.0,0.0
1629,0.0,0.0,0.0,0.0
1630,0.0,0.0,0.0,0.0
1631,0.0,0.0,0.0,0.0
1632,0.0,0.0,0.0,0.0
1633,0.0,0.0,0.0,0.0
1634,0.0,0.0,0.0,0.0
1635,0.0,0.0,0.0,0.0
1636,0.0,0.0,0.0,0.0
1637,0.0,0.0,0.0,0.0
1638,0.0,0.0,0.0,0.0
1639,0.0,0.0,0.0,0.0
1640,0.0,0.0,0.0,0.0
1641,0.0,0.0,0.0,0.0
1642,0.0,0.0,0.0,0.0
1643,0.0,0.0,0.0,0.0
1644,0.0,0.0,0.0,0.0
1645,0.0,0.0,0.0,0.0
1646,0.0,0.0,0.0,0.0
1647,0.0,0.0,0.0,0.0
1648,0.0,0.0,0.0,0.0
1649,0.0,0.0,0.0,0.0
1650,0.0,0.0,0.0,0.0
1651,0.0,0.0,0.0,0.0
1652,0.0,0.0,0.0,0.0
1653,0.0,0.0,0.0,0.0
1654,0.0,0.0,0.0,0.0
1655,0.0,0.0,0.0,0.0
1656,0.0,0.0,0.0,0.0
1657,0.0,0.0,0.0,0.0
1658,0.0,0.0,0.0,0.0
1659,0.0,0.0,0.0,0.0
1660,0.0,0.0,0.0,0.0
1661,0.0,0.0,0.0,0.0
1662,0.0,0.0,0.0,0.0
1663,0.0,0.0,0.0,0.0
1664,0.0,0.0,0.0,0.0
1665,0.0,0.0,0.0,0.0
1666,0.0,0.0,0.0,0.0
1667,0.0,0.0,0.0,0.0
1668,0.0,0.0,0.0,0.0
1669,0.0,0.0,0.0,0.0
1670,0.0,0.0,0.0,0.0
1671,0.0,0.0,0.0,0.0
1672,0.0,0.0,0.0,0.0
1673,0.0,0.0,0.0,0.0
1674,0.0,0.0,0.0,0.0
1675,0.0,0.0,0.0,0.0
1676,0.0,0.0,0.0,0.0
1677,0.0,0.0,0.0,0.0
1678,0.0,0.0,0.0,0.0
1679,0.0,0.0,0.0,0.0
1680,0.0,0.0,0.0,0.0
1681,0.0,0.0,0.0,0.0
1682,0.0,0.0,0.0,0.0
1683,0.0,0.0,0.0,0.0
1684,0.0,0.0,0.0,0.0
1685,0.0,0.0,0.0,0.0
1686,0.0,0.0,0.0,0.0
1687,0.0,0.0,0.0,0.0
1688,0.0,0.0,0.0,0.0
1689,0.0,0.0,0.0,0.0
1690,0.0,0.0,0.0,0.0
1691,0.0,0.0,0.0,0.0
1692,0.0,0.0,0.0,0.0
1693,0.0,0.0,0.0,0.0
1694,0.0,0.0,0.0,0.0
1695,0.0,0.0,0.0,0.0
1696,0.0,0.0,0.0,0.0
1697,0.0,0.0,0.0,0.0
1698,0.0,0.0,0.0,0.0
1699,0.0,0.0,0.0,0.0
1700,0.0,0.0,0.0,0.0
1701,0.0,0.0,0.0,0.0
1702,0.0,0.0,0.0,0.0
1703,0.0,0.0,0.0,0.0
1704,0.0,0.0,0.0,0.0
1705,0.0,0.0,0.0,0.0
1706,0.0,0.0,0.0,0.0
1707,0.0,0.0,0.0,0.0
1708,0.0,0.0,0.0,0.0
1709,0.0,0.0,0.0,0.0
1710,0.0,0.0,0.0,0.0
1711,0.0,0.0,0.0,0.0
1712,0.0,0.0,0.0,0.0
1713,0.0,0.0,0.0,0.0
1714,0.0,0.0,0.0,0.0
1715,0.0,0.0,0.0,0.0
1716,0.0,0.0,0.0,0.0
1717,0.0,0.0,0.0,0.0
1718,0.0,0.0,0.0,0.0
1719,0.0,0.0,0.0,0.0
1720,0.0,0.0,0.0,0.0
1721,0.0,0.0,0.0,0.0
1722,0.0,0.0,0.0,0.0
1723,0.0,0.0,0.0,0.0
1724,0.0,0.0,0.0,0.0
1725,0.0,0.0,0.0,0.0
1726,0.0,0.0,0.0,0.0
1727,0.0,0.0,0.0,0.0
1728,0.0,0.0,0.0,0.0
1729,0.0,0.0,0.0,0.0
1730,0.0,0.0,0.0,0.0
1731,0.0,0.0,0.0,0.0
1732,0.0,0.0,0.0,0.0
1733,0.0,0.0,0.0,0.0
1734,0.0,0.0,0.0,0.0
1735,0.0,0.0,0.0,0.0
1736,0.0,0.0,0.0,0.0
1737,0.0,0.0,0.0,0.0
1738,0.0,0.0,0.0,0.0
1739,0.0,0.0,0.0,0.0
1740,0.0,0.0,0.0,0.0
1741,0.0,0.0,0.0,0.0
1742,0.0,0.0,0.0,0.0
1743,0.0,0.0,0.0,0.0
1744,0.0,0.0,0.0,0.0
1745,0.0,0.0,0.0,0.0
1746,0.0,0.0,0.0,0.0
1747,0.0,0.0,0.0,0.0
1748,0.0,0.0,0.0,0.0
1749,0.0,0.0,0.0,0.0
1750,0.0,0.0,0.0,0.0
1751,0.0,0.0,0.0,0.0
1752,0.0,0.0,0.0,0.0
1753,0.0,0.0,0.0,0.0
1754,0.0,0.0,0.0,0.0
1755,0.0,0.0,0.0,0.0
1756,0.0,0.0,0.0,0.0
1757,0.0,0.0,0.0,0.0
1758,0.0,0.0,0.0,0.0
1759,0.0,0.0,0.0,0.0
1760,0.0,0.0,0.0,0.0
1761,0.0,0.0,0.0,0.0
1762,0.0,0.0,0.0,0.0
1763,0.0,0.0,0.0,0.0
1764,0.0,0.0,0.0,0.0
1765,0.0,0.0,0.0,0.0
1766,0.0,0.0,0.0,0.0
1767,0.0,0.0,0.0,0.0
1768,0.0,0.0,0.0,0.0
1769,0.0,0.0,0.0,0.0
1770,0.0,0.0,0.0,0.0
1771,0.0,0.0,0.0,0.0
1772,0.0,0.0,0.0,0.0
1773,0.0,0.0,0.0,0.0
1774,0.0,0.0,0.0,0.0
1775,0.0,0.0,0.0,0.0
1776,0.0,0.0,0.0,0.0
1777,0.0,0.0,0.0,0.0
1778,0.0,0.0,0.0,0.0
1779,0.0,0.0,0.0,0.0
1780,0.0,0.0,0.0,0.0
1781,0.0,0.0,0.0,0.0
1782,0.0,0.0,0.0,0.0
1783,0.0,0.0,0.0,0.0
1784,0.0,0.0,0.0,0.0
1785,0.0,0.0,0.0,0.0
1786,0.0,0.0,0.0,0.0
1787,0.0,0.0,0.0,0.0
1788,0.0,0.0,0.0,0.0
1789,0.0,0.0,0.0,0.0
1790,0.0,0.0,0.0,0.0
1791,0.0,0.0,0.0,0.0
1792,0.0,0.0,0.0,0.0
1793,0.0,0.0,0.0,0.0
1794,0.0,0.0,0.0,0.0
1795,0.0,0.0,0.0,0.0
1796,0.0,0.0,0.0,0.0
1797,0.0,0.0,0.0,0.0
1798,0.0,0.0,0.0,0.0
1799,0.0,0.0,0.0,0.0
1800,0.0,0.0,0.0,0.0
1801,0.0,0.0,0.0,0.0
1802,0.0,0.0,0.0,0.0
1803,0.0,0.0,0.0,0.0
1804,0.0,0.0,0.0,0.0
1805,0.0,0.0,0.0,0.0
1806,0.0,0.0,0.0,0.0
1807,0.0,0.0,0.0,0.0
1808,0.0,0.0,0.0,0.0
1809,0.0,0.0,0.0,0.0
1810,0.0,0.0,0.0,0.0
1811,0.0,0.0,0.0,0.0
1812,0.0,0.0,0.0,0.0
1813,0.0,0.0,0.0,0.0
1814,0.0,0.0,0.0,0.0
1815,0.0,0.0,0.0,0.0
1816,0.0,0.0,0.0,0.0
1817,0.0,0.0,0.0,0.0
1818,0.0,0.0,0.0,0.0
1819,0.0,0.0,0.0,0.0
1820,0.0,0.0,0.0,0.0
1821,0.0,0.0,0.0,0.0
1822,0.0,0.0,0.0,0.0
1823,0.0,0.0,0.0,0.0
1824,0.0,0.0,0.0,0.0
1825,0.0,0.0,0.0,0.0
1826,0.0,0.0,0.0,0.0
1827,0.0,0.0,0.0,0.0
1828,0.0,0.0,0.0,0.0
1829,0.0,0.0,0.0,0.0
1830,0.0,0.0,0.0,0.0
1831,0.0,0.0,0.0,0.0
1832,0.0,0.0,0.0,0.0
1833,0.0,0.0,0.0,0.0
1834,0.0,0.0,0.0,0.0
1835,0.0,0.0,0.0,0.0
1836,0.0,0.0,0.0,0.0
1837,0.0,0.0,0.0,0.0
1838,0.0,0.0,0.0,0.0
1839,0.0,0.0,0.0,0.0
1840,0.0,0.0,0.0,0.0
1841,0.0,0.0,0.0,0.0
1842,0.0,0.0,0.0,0.0
1843,0.0,0.0,0.0,0.0
1844,0.0,0.0,0.0,0.0
1845,0.0,0.0,0.0,0.0
1846,0.0,0.0,0.0,0.0
1847,0.0,0.0,0.0,0.0
1848,0.0,0.0,0.0,0.0
1849,0.0,0.0,0.0,0.0
1850,0.0,0.0,0.0,0.0
1851,0.0,0.0,0.0,0.0
1852,0.0,0.0,0.0,0.0
1853,0.0,0.0,0.0,0.0
1854,0.0,0.0,0.0,0.0
1855,0.0,0.0,0.0,0.0
1856,0.0,0.0,0.0,0.0
1857,0.0,0.0,0.0,0.0
1858,0.0,0.0,0.0,0.0
1859,0.0,0.0,0.0,0.0
1860,0.0,0.0,0.0,0.0
1861,0.0,0.0,0.0,0.0
1862,0.0,0.0,0.0,0.0
1863,0.0,0.0,0.0,0.0
1864,0.0,0.0,0.0,0.0
1865,0.0,0.0,0.0,0.0
1866,0.0,0.0,0.0,0.0
1867,0.0,0.0,0.0,0.0
1868,0.0,0.0,0.0,0.0
1869,0.0,0.0,0.0,0.0
1870,0.0,0.0,0.0,0.0
1871,0.0,0.0,0.0,0.0
1872,0.0,0.0,0.0,0.0
1873,0.0,0.0,0.0,0.0
1874,0.0,0.0,0.0,0.0
1875,0.0,0.0,0.0,0.0
1876,0.0,0.0,0.0,0.0
1877,0.0,0.0,0.0,0.0
1878,0.0,0.0,0.0,0.0
1879,0.0,0.0,0.0,0.0
1880,0.0,0.0,0.0,0.0
1881,0.0,0.0,0.0,0.0
1882,0.0,0.0,0.0,0.0
1883,0.0,0.0,0.0,0.0
1884,0.0,0.0,0.0,0.0
1885,0.0,0.0,0.0,0.0
1886,0.0,0.0,0.0,0.0
1887,0.0,0.0,0.0,0.0
1888,0.0,0.0,0.0,0.0
1889,0.0,0.0,0.0,0.0
1890,0.0,0.0,0.0,0.0
1891,0.0,0.0,0.0,0.0
1892,0.0,0.0,0.0,0.0
1893,0.0,0.0,0.0,0.0
1894,0.0,0.0,0.0,0.0
1895,0.0,0.0,0.0,0.0
1896,0.0,0.0,0.0,0.0
1897,0.0,0.0,0.0,0.0
1898,0.0,0.0,0.0,0.0
1899,0.0,0.0,0.0,0.0
1900,0.0,0.0,0.0,0.0
1901,0.0,0.0,0.0,0.0
1902,0.0,0.0,0.0,0.0
1903,0.0,0.0,0.0,0.0
1904,0.0,0.0,0.0,0.0
1905,0.0,0.0,0.0,0.0
1906,0.0,0.0,0.0,0.0
1907,0.0,0.0,0.0,0.0
1908,0.0,0.0,0.0,0.0
1909,0.0,0.0,0.0,0.0
1910,0.0,0.0,0.0,0.0
1911,0.0,0.0,0.0,0.0
1912,0.0,0.0,0.0,0.0
1913,0.0,0.0,0.0,0.0
1914,0.0,0.0,0.0,0.0
1915,0.0,0.0,0.0,0.0
1916,0.0,0.0,0.0,0.0
1917,0.0,0.0,0.0,0.0
1918,0.0,0.0,0.0,0.0
1919,0.0,0.0,0.0,0.0
1920,0.0,0.0,0.0,0.0
1921,0.0,0.0,0.0,0.0
1922,0.0,0.0,0.0,0.0
1923,0.0,0.0,0.0,0.0
1924,0.0,0.0,0.0,0.0
1925,0.0,0.0,0.0,0.0
1926,0.0,0.0,0.0,0.0
1927,0.0,0.0,0.0,0.0
1928,0.0,0.0,0.0,0.0
1929,0.0,0.0,0.0,0.0
1930,0.0,0.0,0.0,0.0
1931,0.0,0.0,0.0,0.0
1932,0.0,0.0,0.0,0.0
1933,0.0,0.0,0.0,0.0
1934,0.0,0.0,0.0,0.0
1935,0.0,0.0,0.0,0.0
1936,0.0,0.0,0.0,0.0
1937,0.0,0.0,0.0,0.0
1938,0.0,0.0,0.0,0.0
1939,0.0,0.0,0.0,0.0
1940,0.0,0.0,0.0,0.0
1941,0.0,0.0,0.0,0.0
1942,0.0,0.0,0.0,0.0
1943,0.0,0.0,0.0,0.0
1944,0.0,0.0,0.0,0.0
1945,0.0,0.0,0.0,0.0
1946,0.0,0.0,0.0,0.0
1947,0.0,0.0,0.0,0.0
1948,0.0,0.0,0.0,0.0
1949,0.0,0.0,0.0,0.0
1950,0.0,0.0,0.0,0.0
1951,0.0,0.0,0.0,0.0
1952,0.0,0.0,0.0,0.0
1953,0.0,0.0,0.0,0.0
1954,0.0,0.0,0.0,0.0
1955,0.0,0.0,0.0,0.0
1956,0.0,0.0,0.0,0.0
1957,0.0,0.0,0.0,0.0
1958,0.0,0.0,0.0,0.0
1959,0.0,0.0,0.0,0.0
1960,0.0,0.0,0.0,0.0
1961,0.0,0.0,0.0,0.0
1962,0.0,0.0,0.0,0.0
1963,0.0,0.0,0.0,0.0
1964,0.0,0.0,0.0,0.0
1965,0.0,0.0,0.0,0.0
1966,0.0,0.0,0.0,0.0
1967,0.0,0.0,0.0,0.0
1968,0.0,0.0,0.0,0.0
1969,0.0,0.0,0.0,0.0
1970,0.0,0.0,0.0,0.0
1971,0.0,0.0,0.0,0.0
1972,0.0,0.0,0.0,0.0
1973,0.0,0.0,0.0,0.0
1974,0.0,0.0,0.0,0.0
1975,0.0,0.0,0.0,0.0
1976,0.0,0.0,0.0,0.0
1977,0.0,0.0,0.0,0.0
1978,0.0,0.0,0.0,0.0
1979,0.0,0.0,0.0,0.0
1980,0.0,0.0,0.0,0.0
1981,0.0,0.0,0.0,0.0
1982,0.0,0.0,0.0,0.0
1983,0.0,0.0,0.0,0.0
1984,0.0,0.0,0.0,0.0
1985,0.0,0.0,0.0,0.0
1986,0.0,0.0,0.0,0.0
1987,0.0,0.0,0.0,0.0
1988,0.0,0.0,0.0,0.0
1989,0.0,0.0,0.0,0.0
1990,0.0,0.0,0.0,0.0
1991,0.0,0.0,0.0,0.0
1992,0.0,0.0,0.0,0.0
1993,0.0,0.0,0.0,0.0
1994,0.0,0.0,0.0,0.0
1995,0.0,0.0,0.0,0.0
1996,0.0,0.0,0.0,0.0
1997,0.0,0.0,0.0,0.0
1998,0.0,0.0,0.0,0.0
1999,0.0,0.0,0.0,0.0
