steps,time,reward,delta,converged
1,0.02553899999998066,-0.03010309278350517,1.0007257640242426,False
2,0.022949999999809734,-0.03139534883720931,1.0007257640242426,False
3,0.03895399999987603,-0.025474860335195543,1.0007257640242426,False
4,0.008972999999969034,-0.05161290322580645,1.0007257640242426,False
5,0.022246999999879336,-0.031264367816091966,1.0007257640242426,False
6,0.02341799999999239,-0.028750000000000015,1.0007257640242426,False
7,0.013814999999794964,-0.034626865671641804,1.0007257640242426,False
8,0.058072000000038315,-0.022378640776698818,1.0007257640242426,False
9,0.011308999999982916,-0.03324324324324326,1.0007257640242426,False
10,0.008592000000135158,-0.03884615384615386,1.0007257640242426,False
11,0.012195000000019718,-0.03420289855072465,1.0007257640242426,False
12,0.018254999999953725,-0.030888888888888903,1.0007257640242426,False
13,0.0328509999999369,-0.027259259259259275,1.0007839308023536,False
14,0.06938800000011724,-0.02306249999999985,1.0007839308023536,False
15,0.006857999999965614,-0.04578947368421053,1.0007839308023536,False
16,0.009465000000091095,-0.036896551724137944,1.0007839308023536,False
17,0.01643500000000131,-0.03010309278350517,1.0007839308023536,False
18,0.007607999999891035,-0.04578947368421053,1.0007839308023536,False
19,0.02077699999995275,-0.02816666666666668,1.0008501059445953,False
20,0.012431999999989785,-0.04000000000000001,1.0008501059445953,False
21,0.0075140000001283624,-0.04578947368421053,1.0008501059445953,False
22,0.04373200000009092,-0.024355555555555523,1.0008501059445953,False
23,0.015754999999899155,-0.03272727272727274,1.0008501059445953,False
24,0.04344500000001972,-0.02346289752650165,1.0008501059445953,False
25,0.0029459999998380226,-0.07444444444444445,1.0008501059445953,False
26,0.016961999999921318,-0.02844827586206898,1.0008501059445953,False
27,0.010835000000042783,-0.03400000000000001,1.0008501059445953,False
28,0.0026760000000649597,-0.069,1.0008501059445953,False
29,0.010633000000098036,-0.03781818181818183,1.0008501059445953,False
30,0.011596000000054119,-0.03324324324324326,1.0008501059445953,False
31,0.012259000000085507,-0.032894736842105275,1.0008501059445953,False
32,0.013018000000101893,-0.03380281690140846,1.0008501059445953,False
33,0.006775000000061482,-0.04130434782608696,1.0008501059445953,False
34,0.028309000000035667,-0.025212765957446825,1.0008501059445953,False
35,0.012510999999904016,-0.03400000000000001,1.0008501059445953,False
36,0.033025000000179716,-0.025474860335195543,1.0008501059445953,False
37,0.011320999999952619,-0.036610169491525436,1.0008501059445953,False
38,0.013273999999910302,-0.031529411764705896,1.0008501059445953,False
39,0.04235100000005332,-0.02349999999999989,1.0008501059445953,False
40,0.013530999999829874,-0.031807228915662664,1.0008501059445953,False
41,0.04057299999999486,-0.023602941176470486,1.0008501059445953,False
42,0.019776999999976397,-0.029702970297029715,1.0008501059445953,False
43,0.060357000000067274,-0.022506393861892383,1.0008501059445953,False
44,0.039791000000150234,-0.023602941176470486,1.0008501059445953,False
45,0.029404999999997017,-0.02437499999999997,1.0008501059445953,False
46,0.007055000000036671,-0.04041666666666668,1.0008501059445953,False
47,0.024632999999994354,-0.027000000000000014,1.0008501059445953,False
48,0.006259999999883803,-0.0496969696969697,1.0008501059445953,False
49,0.01833000000010543,-0.027538461538461553,1.0008501059445953,False
50,0.06998499999986052,-0.022107526881720196,1.0008501059445953,False
51,0.049119999999902575,-0.022848837209302156,1.0008501059445953,False
52,0.014626000000134809,-0.03076923076923078,1.0008501059445953,False
53,0.015661000000136482,-0.03076923076923078,1.0008501059445953,False
54,0.015017999999827225,-0.03606557377049181,1.0008501059445953,False
55,0.033247999999957756,-0.0253846153846154,1.0008501059445953,False
56,0.016002000000071348,-0.03324324324324326,1.0008501059445953,False
57,0.014834000000064407,-0.03306666666666668,1.0008501059445953,False
58,0.012529000000085944,-0.031011235955056192,1.0008501059445953,False
59,0.03597700000000259,-0.024016393442622887,1.0008501059445953,False
60,0.007166000000097483,-0.03884615384615386,1.0008501059445953,False
61,0.036207999999987805,-0.024066390041493715,1.0009137558847634,False
62,0.012318000000050233,-0.03076923076923078,1.0009137558847634,False
63,0.035826999999926556,-0.023367697594501597,1.0009137558847634,False
64,0.012154000000009546,-0.031951219512195136,1.0009137558847634,False
65,0.0056099999999332795,-0.04512820512820513,1.0009137558847634,False
66,0.03298199999994722,-0.024117647058823473,1.0009137558847634,False
67,0.020757999999887033,-0.025833333333333347,1.0009137558847634,False
68,0.014223000000129105,-0.031264367816091966,1.0009137558847634,False
69,0.02915900000016336,-0.024336283185840673,1.0009137558847634,False
70,0.09245899999996254,-0.022089552238805734,1.0009137558847634,False
71,0.01972499999988031,-0.02924528301886794,1.0009137558847634,False
72,0.024329999999963547,-0.027000000000000014,1.0009137558847634,False
73,0.02106000000003405,-0.02705035971223023,1.0009137558847634,False
74,0.04998799999998482,-0.023043478260869412,1.0009137558847634,False
75,0.009214000000156375,-0.03921568627450981,1.0009137558847634,False
76,0.02257200000008197,-0.02705035971223023,1.0009137558847634,False
77,0.103123000000096,-0.01999999999999975,1.0009137558847634,False
78,0.07999399999994239,-0.022130434782608465,1.0009137558847634,False
79,0.06555600000001505,-0.022692307692307512,1.0009137558847634,False
80,0.022917999999890526,-0.027538461538461553,1.0009137558847634,False
81,0.0357930000000124,-0.026049382716049396,1.0009137558847634,False
82,0.009229999999888605,-0.03884615384615386,1.0009137558847634,False
83,0.0457690000000639,-0.023344709897610796,1.0009137558847634,False
84,0.015077999999903113,-0.032250000000000015,1.0009137558847634,False
85,0.012146999999913533,-0.03400000000000001,1.0009137558847634,False
86,0.04529999999999745,-0.023726235741444775,1.0009137558847634,False
87,0.0359760000001188,-0.024434389140271465,1.0009137558847634,False
88,0.04349099999990358,-0.023698113207547077,1.0009137558847634,False
89,0.015416999999843028,-0.02844827586206898,1.0009137558847634,False
90,0.00927799999999479,-0.03633333333333334,1.0009137558847634,False
91,0.041987000000062835,-0.024083333333333276,1.0009137558847634,False
92,0.011723999999958323,-0.03633333333333334,1.0009137558847634,False
93,0.032914000000118904,-0.025185185185185203,1.0009137558847634,False
94,0.0858170000001337,-0.01999999999999975,1.0009137558847634,False
95,0.0665520000000015,-0.022012320328541852,1.0009137558847634,False
96,0.03358800000000883,-0.024516129032258045,1.0009137558847634,False
97,0.011987999999973908,-0.03380281690140846,1.0009137558847634,False
98,0.014764000000013766,-0.027903225806451628,1.0009137558847634,False
99,0.03093499999999949,-0.025505617977528105,1.0009137558847634,False
100,0.01650599999993574,-0.028909090909090922,1.0009137558847634,False
101,0.046478999999862936,-0.02305295950155748,1.0009137558847634,False
102,0.023261000000047716,-0.025664739884393082,1.0009137558847634,False
103,0.024169000000028973,-0.025868263473053904,1.0009137558847634,False
104,0.006186999999954423,-0.03884615384615386,1.0009137558847634,False
105,0.030029999999896972,-0.02420600858369094,1.0009137558847634,False
106,0.06027899999980946,-0.01999999999999975,1.0009137558847634,False
107,0.022950000000037107,-0.026282051282051296,1.0009137558847634,False
108,0.029195999999956257,-0.02453703703703702,1.0009137558847634,False
109,0.0533020000000306,-0.02284057971014476,1.0009137558847634,False
110,0.07432900000003428,-0.01999999999999975,1.0009137558847634,False
111,0.06375699999989592,-0.01999999999999975,1.0009137558847634,False
112,0.023891000000048734,-0.02482758620689656,1.0009137558847634,False
113,0.02920700000004217,-0.024622641509433954,1.0009137558847634,False
114,0.06564800000001014,-0.02199186991869894,1.0009137558847634,False
115,0.019002999999884196,-0.027259259259259275,1.0009137558847634,False
116,0.06226999999989857,-0.01999999999999975,1.0009137558847634,False
117,0.07464699999991353,-0.022008196721311234,1.0009137558847634,False
118,0.015590000000202053,-0.029702970297029715,1.0009137558847634,False
119,0.07830999999987398,-0.01999999999999975,1.0009137558847634,False
120,0.02383600000007391,-0.026012269938650318,1.0009137558847634,False
121,0.07300000000009277,-0.01999999999999975,1.0009137558847634,False
122,0.061840000000074724,-0.022606382978723215,1.0009137558847634,False
123,0.0374979999999141,-0.025326086956521755,1.0009137558847634,False
124,0.05359499999985928,-0.02312101910828011,1.0009137558847634,False
125,0.05749399999990601,-0.02294294294294278,1.0009137558847634,False
126,0.07321799999999712,-0.022094017094016857,1.0009137558847634,False
127,0.06799999999998363,-0.01999999999999975,1.0009137558847634,False
128,0.02486999999996442,-0.025632183908045992,1.0009137558847634,False
129,0.01071999999999207,-0.031951219512195136,1.0009137558847634,False
130,0.041705999999976484,-0.02308176100628916,1.0009137558847634,False
131,0.023485999999820706,-0.026363636363636377,1.0009137558847634,False
132,0.024558999999953812,-0.025077720207253903,1.0009137558847634,False
133,0.06918799999994008,-0.02199186991869894,1.0009137558847634,False
134,0.039978000000019165,-0.023379310344827466,1.0009137558847634,False
135,0.011543000000074244,-0.030315789473684223,1.0009137558847634,False
136,0.042097999999896274,-0.023310810810810684,1.0009137558847634,False
137,0.013605999999981577,-0.030000000000000013,1.0009137558847634,False
138,0.07608499999992091,-0.022168141592920125,1.0009137558847634,False
139,0.04726099999993494,-0.022908011869436036,1.0009137558847634,False
140,0.05625099999997474,-0.022613333333333145,1.0009137558847634,False
141,0.06839899999999943,-0.01999999999999975,1.0009137558847634,False
142,0.038005999999995765,-0.024117647058823473,1.0009137558847634,False
143,0.02912600000013299,-0.02526881720430109,1.0009137558847634,False
144,0.07446200000003955,-0.01999999999999975,1.0009137558847634,False
145,0.03611599999999271,-0.023999999999999935,1.0009137558847634,False
146,0.06170699999984208,-0.022951807228915502,1.0009137558847634,False
147,0.07417600000007951,-0.022737430167597588,1.0009137558847634,False
148,0.08953399999995781,-0.01999999999999975,1.0009137558847634,False
149,0.05872100000010505,-0.022987804878048624,1.0009137558847634,False
150,0.026020000000016807,-0.02731343283582091,1.0009137558847634,False
151,0.08700799999996889,-0.021975806451612657,1.0009137558847634,False
152,0.07530300000007628,-0.0222685185185183,1.0009137558847634,False
153,0.030388000000129978,-0.026049382716049396,1.0009137558847634,False
154,0.06231200000001991,-0.022677595628415117,1.0009137558847634,False
155,0.07724800000005416,-0.02221719457013552,1.0009137558847634,False
156,0.027516000000105123,-0.026405228758169953,1.0009137558847634,False
157,0.05167099999994207,-0.023726235741444775,1.0009137558847634,False
158,0.0427150000000438,-0.023951612903225738,1.0009137558847634,False
159,0.05776700000001256,-0.02226327944572726,1.0009137558847634,False
160,0.04127699999980905,-0.023310810810810684,1.0009137558847634,False
161,0.07282600000007733,-0.01999999999999975,1.0009137558847634,False
162,0.07138699999995879,-0.01999999999999975,1.0009137558847634,False
163,0.04822999999987587,-0.02283236994219636,1.0009137558847634,False
164,0.02256200000010722,-0.02680555555555557,1.0009137558847634,False
165,0.06747700000005352,-0.02202061855670079,1.0009137558847634,False
166,0.0687950000001365,-0.01999999999999975,1.0009137558847634,False
167,0.02736600000002909,-0.02653333333333335,1.0009137558847634,False
168,0.04300100000000384,-0.023333333333333206,1.0009137558847634,False
169,0.07598100000018349,-0.022512820512820317,1.0009137558847634,False
170,0.07335899999998219,-0.022474747474747273,1.0009137558847634,False
171,0.02644800000007308,-0.02544444444444446,1.0009137558847634,False
172,0.03192200000012235,-0.023999999999999935,1.0009137558847634,False
173,0.06542100000001483,-0.01999999999999975,1.0009137558847634,False
174,0.056595999999899504,-0.022663043478260685,1.0009137558847634,False
175,0.03776300000004085,-0.02342657342657331,1.0009137558847634,False
176,0.0761410000000069,-0.01999999999999975,1.0009137558847634,False
177,0.041921000000002095,-0.02382812499999992,1.0009137558847634,False
178,0.03382299999998395,-0.024434389140271465,1.0009137558847634,False
179,0.09208200000011857,-0.01999999999999975,1.0009137558847634,False
180,0.04899099999988721,-0.023161290322580505,1.0009137558847634,False
181,0.1208240000000842,-0.01999999999999975,1.0009137558847634,False
182,0.050130000000081054,-0.02342657342657331,1.0009137558847634,False
183,0.0047569999999268475,-0.04722222222222223,1.0009137558847634,False
184,0.040855000000192376,-0.023091482649842125,1.0009137558847634,False
185,0.025562999999920066,-0.02715328467153286,1.0009137558847634,False
186,0.06390200000009827,-0.022316784869976142,1.0009137558847634,False
187,0.05648099999984879,-0.023006134969325,1.0009137558847634,False
188,0.05698200000006182,-0.023367697594501597,1.0009137558847634,False
189,0.06055399999991096,-0.02313099041533532,1.0009137558847634,False
190,0.09877799999981107,-0.01999999999999975,1.0009137558847634,False
191,0.02578999999991538,-0.026950354609929093,1.0009137558847634,False
192,0.08145799999988412,-0.021971830985915246,1.0009137558847634,False
193,0.05911300000002484,-0.02234449760765529,1.0009137558847634,False
194,0.04823399999986577,-0.022799999999999827,1.0009137558847634,False
195,0.011811999999963518,-0.030888888888888903,1.0009137558847634,False
196,0.05364699999995537,-0.02226327944572726,1.0009137558847634,False
197,0.06819100000006983,-0.01999999999999975,1.0009137558847634,False
198,0.03901300000006813,-0.023487544483985653,1.0009137558847634,False
199,0.04385200000001532,-0.023525179856115,1.0009137558847634,False
200,0.0787199999999757,-0.022063157894736604,1.0009137558847634,False
201,0.06611300000008669,-0.022951807228915502,1.0009137558847634,False
202,0.09697099999993952,-0.022295081967212898,1.0009137558847634,False
203,0.04725300000018251,-0.024516129032258045,1.0009137558847634,False
204,0.059978000000000975,-0.022916666666666502,1.0009137558847634,False
205,0.09438299999987976,-0.01999999999999975,1.0009137558847634,False
206,0.06150699999989229,-0.023015384615384462,1.0009137558847634,False
207,0.0812069999999494,-0.01999999999999975,1.0009137558847634,False
208,0.08904899999993177,-0.01999999999999975,1.0009137558847634,False
209,0.09690299999988383,-0.022037422037421796,1.0009137558847634,False
210,0.05509699999993245,-0.023310810810810684,1.0009137558847634,False
211,0.043476999999938926,-0.023589743589743487,1.0009137558847634,False
212,0.09652200000004996,-0.022139737991266145,1.0009137558847634,False
213,0.09632799999985764,-0.01999999999999975,1.0009137558847634,False
214,0.0827560000000176,-0.01999999999999975,1.0009137558847634,False
215,0.07619599999998172,-0.01999999999999975,1.0009137558847634,False
216,0.04764999999997599,-0.02313099041533532,1.0009137558847634,False
217,0.06922199999985423,-0.01775330396475748,1.0009137558847634,False
218,0.07807500000012624,-0.01999999999999975,1.0009137558847634,False
219,0.03981799999996838,-0.024414414414414387,1.0009137558847634,False
220,0.029359999999996944,-0.025536723163841826,1.0009137558847634,False
221,0.07719500000007429,-0.01999999999999975,1.0009137558847634,False
222,0.0805289999998422,-0.022322274881516373,1.0009137558847634,False
223,0.07723600000008446,-0.02233333333333312,1.0009137558847634,False
224,0.036630999999943015,-0.024117647058823473,1.0009137558847634,False
225,0.059025999999903433,-0.022592592592592404,1.0009137558847634,False
226,0.040467000000035114,-0.024100418410041784,1.0009137558847634,False
227,0.04948699999999917,-0.022934131736526784,1.0009137558847634,False
228,0.07945699999982025,-0.01999999999999975,1.0009137558847634,False
229,0.08291899999994712,-0.01999999999999975,1.0009137558847634,False
230,0.07222400000000562,-0.01999999999999975,1.0009137558847634,False
231,0.03386399999999412,-0.025051546391752593,1.0009137558847634,False
232,0.039629999999988286,-0.02418803418803414,1.0009137558847634,False
233,0.08706899999992856,-0.01999999999999975,1.0009137558847634,False
234,0.053162000000156695,-0.023151125401929117,1.0009137558847634,False
235,0.019756000000143104,-0.027903225806451628,1.0009137558847634,False
236,0.09170700000004217,-0.01999999999999975,1.0009137558847634,False
237,0.01679799999988063,-0.03240506329113925,1.0009137558847634,False
238,0.08256200000005265,-0.01999999999999975,1.0009137558847634,False
239,0.07353499999999258,-0.022390243902438815,1.0009137558847634,False
240,0.05019500000003063,-0.023072100313479473,1.0009137558847634,False
241,0.06210600000008526,-0.022311320754716764,1.0009137558847634,False
242,0.08658900000000358,-0.01999999999999975,1.0009137558847634,False
243,0.08310499999993226,-0.01999999999999975,1.0009137558847634,False
244,0.04333099999985279,-0.024152542372881305,1.0009137558847634,False
245,0.084671999999955,-0.01999999999999975,1.0009137558847634,False
246,0.06954500000006192,-0.02236144578313232,1.0009137558847634,False
247,0.03655700000012985,-0.024851485148514863,1.0009137558847634,False
248,0.07999500000005355,-0.01999999999999975,1.0009137558847634,False
249,0.036491999999952895,-0.024394618834080686,1.0009137558847634,False
250,0.08616500000016458,-0.01999999999999975,1.0009137558847634,False
251,0.06515500000000429,-0.022670299727520254,1.0009137558847634,False
252,0.06354699999997138,-0.022592592592592404,1.0009137558847634,False
253,0.07961999999997715,-0.01999999999999975,1.0009137558847634,False
254,0.08965200000011464,-0.01999999999999975,1.0009137558847634,False
255,0.0921570000000429,-0.01999999999999975,1.0009137558847634,False
256,0.08558199999993121,-0.022284382284382065,1.0009137558847634,False
257,0.08051999999997861,-0.01999999999999975,1.0009137558847634,False
258,0.08572900000012851,-0.01999999999999975,1.0009137558847634,False
259,0.033697000000074695,-0.02471153846153846,1.0009137558847634,False
260,0.07993699999997261,-0.01999999999999975,1.0009137558847634,False
261,0.08562099999994643,-0.02202061855670079,1.0009137558847634,False
262,0.0933829999999034,-0.01999999999999975,1.0009137558847634,False
263,0.08031900000014502,-0.01999999999999975,1.0009137558847634,False
264,0.07808500000010099,-0.022008196721311234,1.0009137558847634,False
265,0.07547999999997046,-0.02227906976744164,1.0009137558847634,False
266,0.08544499999993604,-0.01999999999999975,1.0009137558847634,False
267,0.08915099999990161,-0.01999999999999975,1.0009137558847634,False
268,0.048398000000133834,-0.0231410256410255,1.0009137558847634,False
269,0.08411999999998443,-0.01999999999999975,1.0009137558847634,False
270,0.07219199999985904,-0.022168141592920125,1.0009137558847634,False
271,0.08459600000014689,-0.01999999999999975,1.0009137558847634,False
272,0.030974000000014712,-0.025505617977528105,1.0009137558847634,False
273,0.057848000000149113,-0.022627345844503835,1.0009137558847634,False
274,0.07399600000007922,-0.01999999999999975,1.0009137558847634,False
275,0.0501160000001164,-0.02296969696969681,1.0009137558847634,False
276,0.08952199999998811,-0.01999999999999975,1.0009137558847634,False
277,0.08231999999998152,-0.01999999999999975,1.0009137558847634,False
278,0.06928799999991497,-0.01999999999999975,1.0009137558847634,False
279,0.06784799999991264,-0.01999999999999975,1.0009137558847634,False
280,0.051050000000032014,-0.022873900293254965,1.0009137558847634,False
281,0.0664560000000165,-0.01999999999999975,1.0009137558847634,False
282,0.05896899999993366,-0.01999999999999975,1.0009137558847634,False
283,0.07266499999991538,-0.01999999999999975,1.0009137558847634,False
284,0.07292999999981475,-0.01999999999999975,1.0009137558847634,False
285,0.10295399999995425,-0.01999999999999975,1.0009137558847634,False
286,0.04942199999982222,-0.02339100346020749,1.0009137558847634,False
287,0.029237000000193802,-0.025697674418604665,1.0009137558847634,False
288,0.08999599999992824,-0.01999999999999975,1.0009137558847634,False
289,0.08748300000002018,-0.01999999999999975,1.0009137558847634,False
290,0.09232900000006339,-0.01999999999999975,1.0009137558847634,False
291,0.03258699999992132,-0.025077720207253903,1.0009137558847634,False
292,0.09093400000006113,-0.01999999999999975,1.0009137558847634,False
293,0.08999900000003436,-0.01999999999999975,1.0009137558847634,False
294,0.08624000000008891,-0.01999999999999975,1.0009137558847634,False
295,0.07799599999998463,-0.022372881355931993,1.0009137558847634,False
296,0.019833999999946172,-0.02859649122807019,1.0009137558847634,False
297,0.09387400000014168,-0.01999999999999975,1.0009137558847634,False
298,0.047491999999920154,-0.023537906137184008,1.0009137558847634,False
299,0.09270900000001348,-0.01999999999999975,1.0009137558847634,False
300,0.07975099999998747,-0.01999999999999975,1.0009137558847634,False
301,0.03763099999991937,-0.023999999999999935,1.0009137558847634,False
302,0.08781699999985904,-0.01999999999999975,1.0009137558847634,False
303,0.0943569999999454,-0.01999999999999975,1.0009137558847634,False
304,0.08670200000005934,-0.01999999999999975,1.0009137558847634,False
305,0.09132999999997082,-0.01999999999999975,1.0009137558847634,False
306,0.06352500000002692,-0.022737430167597588,1.0009137558847634,False
307,0.0533900000000358,-0.022384428223844073,1.0009137558847634,False
308,0.0747190000001865,-0.01999999999999975,1.0009137558847634,False
309,0.06882199999995464,-0.01999999999999975,1.0009137558847634,False
310,0.017245999999886408,-0.027480916030534364,1.0009137558847634,False
311,0.06786600000009457,-0.022449999999999797,1.0009137558847634,False
312,0.06619399999999587,-0.022714681440443033,1.0009137558847634,False
313,0.07700499999987187,-0.01999999999999975,1.0009137558847634,False
314,0.08659799999986717,-0.01999999999999975,1.0009137558847634,False
315,0.08197799999993549,-0.01999999999999975,1.0009137558847634,False
316,0.08445700000015677,-0.01999999999999975,1.0009137558847634,False
317,0.05749900000000707,-0.02284057971014476,1.0009137558847634,False
318,0.06740700000000288,-0.01999999999999975,1.0009137558847634,False
319,0.06544400000007045,-0.01999999999999975,1.0009137558847634,False
320,0.06716200000005301,-0.01999999999999975,1.0009137558847634,False
321,0.035742000000027474,-0.023322033898304957,1.0009137558847634,False
322,0.07244500000001608,-0.01999999999999975,1.0009137558847634,False
323,0.06797400000004927,-0.01999999999999975,1.0009137558847634,False
324,0.06992700000000696,-0.01999999999999975,1.0009137558847634,False
325,0.06792099999984202,-0.01785263157894713,1.0009137558847634,False
326,0.07535100000018247,-0.01999999999999975,1.0009137558847634,False
327,0.04358400000000984,-0.023754789272030563,1.0009137558847634,False
328,0.09205999999994674,-0.01999999999999975,1.0009137558847634,False
329,0.07024500000011358,-0.022634408602150352,1.0009137558847634,False
330,0.09066200000006575,-0.01999999999999975,1.0009137558847634,False
331,0.08420300000011594,-0.01999999999999975,1.0009137558847634,False
332,0.07637999999997191,-0.02240196078431352,1.0009137558847634,False
333,0.09708900000009635,-0.01999999999999975,1.0009137558847634,False
334,0.07728099999985716,-0.02226327944572726,1.0009137558847634,False
335,0.08673699999985729,-0.01999999999999975,1.0009137558847634,False
336,0.054016999999930704,-0.023091482649842125,1.0009137558847634,False
337,0.08292400000004818,-0.01999999999999975,1.0009137558847634,False
338,0.06105400000001282,-0.022474747474747273,1.0009137558847634,False
339,0.08082300000000942,-0.01999999999999975,1.0009137558847634,False
340,0.015601999999944383,-0.032098765432098775,1.0009137558847634,False
341,0.06627200000002631,-0.02244389027431401,1.0009137558847634,False
342,0.07227699999998549,-0.01999999999999975,1.0009137558847634,False
343,0.05234999999993306,-0.022558746736292237,1.0009137558847634,False
344,0.037618999999949665,-0.02390438247011945,1.0009137558847634,False
345,0.0688110000000961,-0.01999999999999975,1.0009137558847634,False
346,0.05762400000003254,-0.02200408997954986,1.0009137558847634,False
347,0.05265400000007503,-0.022316784869976142,1.0009137558847634,False
348,0.06966899999997622,-0.01999999999999975,1.0009137558847634,False
349,0.07361700000001292,-0.01999999999999975,1.0009137558847634,False
350,0.07013500000016393,-0.01999999999999975,1.0009137558847634,False
351,0.06577700000002551,-0.01999999999999975,1.0009137558847634,False
352,0.07063600000014958,-0.01999999999999975,1.0009137558847634,False
353,0.057235999999875276,-0.022677595628415117,1.0009137558847634,False
354,0.07634299999995164,-0.01999999999999975,1.0009137558847634,False
355,0.08179599999994025,-0.01999999999999975,1.0009137558847634,False
356,0.06172500000002401,-0.02240196078431352,1.0009137558847634,False
357,0.06621699999982411,-0.022033195020746646,1.0009137558847634,False
358,0.06873900000005051,-0.01999999999999975,1.0009137558847634,False
359,0.04666999999994914,-0.01999999999999975,1.0009137558847634,False
360,0.044280999999955384,-0.01999999999999975,1.0009137558847634,False
361,0.04895799999985684,-0.01999999999999975,1.0009137558847634,False
362,0.03959600000007413,-0.01697329376854583,1.0009137558847634,False
363,0.05704599999990023,-0.01999999999999975,1.0009137558847634,False
364,0.06366300000013325,-0.01999999999999975,1.0009137558847634,False
365,0.053028999999924054,-0.01999999999999975,1.0009137558847634,False
366,0.07320200000003751,-0.01999999999999975,1.0009137558847634,False
367,0.07364899999993213,-0.01999999999999975,1.0009137558847634,False
368,0.07122400000002926,-0.01999999999999975,1.0009137558847634,False
369,0.05658199999993485,-0.022684931506849134,1.0009137558847634,False
370,0.06683799999996154,-0.022028985507246135,1.0009137558847634,False
371,0.05407900000000154,-0.01999999999999975,1.0009137558847634,False
372,0.050235000000157015,-0.01999999999999975,1.0009137558847634,False
373,0.05126099999984035,-0.01999999999999975,1.0009137558847634,False
374,0.052663000000165994,-0.01999999999999975,1.0009137558847634,False
375,0.02673699999991186,-0.023754789272030563,1.0009137558847634,False
376,0.050228000000061,-0.01999999999999975,1.0009137558847634,False
377,0.051400000000057844,-0.01999999999999975,1.0009137558847634,False
378,0.05177699999990182,-0.01999999999999975,1.0009137558847634,False
379,0.05273899999997411,-0.01999999999999975,1.0009137558847634,False
380,0.05664600000000064,-0.01999999999999975,1.0009137558847634,False
381,0.07556300000010197,-0.01999999999999975,1.0009137558847634,False
382,0.09460699999999633,-0.01999999999999975,1.0009137558847634,False
383,0.07082900000000336,-0.022098501070663575,1.0009137558847634,False
384,0.06493399999999383,-0.01999999999999975,1.0009137558847634,False
385,0.06421199999999772,-0.01999999999999975,1.0009137558847634,False
386,0.06981500000006235,-0.01999999999999975,1.0009137558847634,False
387,0.059174999999868305,-0.01999999999999975,1.0009137558847634,False
388,0.06331900000009227,-0.01999999999999975,1.0009137558847634,False
389,0.05628400000000511,-0.01999999999999975,1.0009137558847634,False
390,0.05665799999997034,-0.01999999999999975,1.0009137558847634,False
391,0.06957000000011249,-0.01999999999999975,1.0009137558847634,False
392,0.07852700000012192,-0.01999999999999975,1.0009137558847634,False
393,0.07382899999993242,-0.02212581344902363,1.0009137558847634,False
394,0.07798499999989872,-0.01999999999999975,1.0009137558847634,False
395,0.06037799999990057,-0.01999999999999975,1.0009137558847634,False
396,0.04165199999988545,-0.022692307692307512,1.0009137558847634,False
397,0.051170999999840205,-0.01999999999999975,1.0009137558847634,False
398,0.017317999999932,-0.026666666666666682,1.0009137558847634,False
399,0.051447999999936656,-0.01999999999999975,1.0009137558847634,False
400,0.05186299999991206,-0.01999999999999975,1.0009137558847634,False
401,0.05221399999982168,-0.01999999999999975,1.0009137558847634,False
402,0.05639100000007602,-0.01999999999999975,1.0009137558847634,False
403,0.05313900000010108,-0.01999999999999975,1.0009137558847634,False
404,0.07086099999992257,-0.01999999999999975,1.0009137558847634,False
405,0.06973900000002686,-0.01999999999999975,1.0009137558847634,False
406,0.07512899999983347,-0.01999999999999975,1.0009137558847634,False
407,0.07852600000001075,-0.01999999999999975,1.0009137558847634,False
408,0.06867599999986851,-0.01999999999999975,1.0009137558847634,False
409,0.04748300000005656,-0.022247706422018128,1.0009137558847634,False
410,0.06397100000003775,-0.01999999999999975,1.0009137558847634,False
411,0.05626200000006065,-0.01999999999999975,1.0009137558847634,False
412,0.05346099999997023,-0.01999999999999975,1.0009137558847634,False
413,0.05096400000002177,-0.01999999999999975,1.0009137558847634,False
414,0.058910000000196305,-0.01999999999999975,1.0009137558847634,False
415,0.05673700000011195,-0.01999999999999975,1.0009137558847634,False
416,0.022101000000020576,-0.025000000000000015,1.0009137558847634,False
417,0.05911600000013095,-0.01999999999999975,1.0009137558847634,False
418,0.06749899999999798,-0.01999999999999975,1.0009137558847634,False
419,0.07847900000001573,-0.01999999999999975,1.0009137558847634,False
420,0.07276499999989028,-0.022058823529411527,1.0009137558847634,False
421,0.07694000000014967,-0.01999999999999975,1.0009137558847634,False
422,0.053017000000181724,-0.022063157894736604,1.0009137558847634,False
423,0.05152300000008836,-0.01999999999999975,1.0009137558847634,False
424,0.05273400000010042,-0.01999999999999975,1.0009137558847634,False
425,0.05559500000003936,-0.01999999999999975,1.0009137558847634,False
426,0.05079300000011244,-0.01999999999999975,1.0009137558847634,False
427,0.06282899999996516,-0.01999999999999975,1.0009137558847634,False
428,0.05340300000011666,-0.01999999999999975,1.0009137558847634,False
429,0.0537850000000617,-0.01999999999999975,1.0009137558847634,False
430,0.043542999999999665,-0.022565445026177817,1.0009137558847634,False
431,0.060216000000082204,-0.022481012658227648,1.0009137558847634,False
432,0.07778499999994892,-0.01999999999999975,1.0009137558847634,False
433,0.0761569999999665,-0.01999999999999975,1.0009137558847634,False
434,0.07750300000020616,-0.01999999999999975,1.0009137558847634,False
435,0.061778999999887674,-0.01999999999999975,1.0009137558847634,False
436,0.0513060000000678,-0.01999999999999975,1.0009137558847634,False
437,0.05420700000013312,-0.01999999999999975,1.0009137558847634,False
438,0.0397570000000087,-0.022699724517906156,1.0009137558847634,False
439,0.02617000000009284,-0.015545851528384239,1.0009137558847634,False
440,0.05717600000002676,-0.01999999999999975,1.0009137558847634,False
441,0.06481800000005933,-0.01786610878661064,1.0009137558847634,False
442,0.06767500000000837,-0.01999999999999975,1.0009137558847634,False
443,0.0693469999998797,-0.01999999999999975,1.0009137558847634,False
444,0.07484699999986333,-0.01999999999999975,1.0009137558847634,False
445,0.07989200000019991,-0.01999999999999975,1.0009137558847634,False
446,0.05740200000013829,-0.02251928020565533,1.0009137558847634,False
447,0.07569300000000112,-0.01999999999999975,1.0009137558847634,False
448,0.07789900000011585,-0.01999999999999975,1.0009137558847634,False
449,0.07934799999998177,-0.01999999999999975,1.0009137558847634,False
450,0.08023700000012468,-0.01999999999999975,1.0009137558847634,False
451,0.07415000000014516,-0.01999999999999975,1.0009137558847634,False
452,0.08211099999994076,-0.01999999999999975,1.0009137558847634,False
453,0.08210499999995591,-0.01999999999999975,1.0009137558847634,False
454,0.06331000000000131,-0.01999999999999975,1.0009137558847634,False
455,0.06569400000012138,-0.01999999999999975,1.0009137558847634,False
456,0.06541699999979755,-0.01999999999999975,1.0009137558847634,False
457,0.0634979999999814,-0.01999999999999975,1.0009137558847634,False
458,0.06345599999986007,-0.01999999999999975,1.0009137558847634,False
459,0.06579699999997501,-0.01999999999999975,1.0009137558847634,False
460,0.07257700000013756,-0.01999999999999975,1.0009137558847634,False
461,0.07497400000011112,-0.01999999999999975,1.0009137558847634,False
462,0.07865100000003622,-0.01999999999999975,1.0009137558847634,False
463,0.08020299999998315,-0.01999999999999975,1.0009137558847634,False
464,0.0680649999999332,-0.01999999999999975,1.0009137558847634,False
465,0.07031399999982568,-0.01999999999999975,1.0009137558847634,False
466,0.07897000000002663,-0.01999999999999975,1.0009137558847634,False
467,0.08165600000006634,-0.01999999999999975,1.0009137558847634,False
468,0.039417000000185,-0.024066390041493715,1.0009137558847634,False
469,0.08321600000022045,-0.01999999999999975,1.0009137558847634,False
470,0.10608999999999469,-0.01999999999999975,1.0009137558847634,False
471,0.06589200000007622,-0.01999999999999975,1.0009137558847634,False
472,0.06552299999998468,-0.01999999999999975,1.0009137558847634,False
473,0.029264000000011947,-0.024803921568627457,1.0009137558847634,False
474,0.06494899999984227,-0.01999999999999975,1.0009137558847634,False
475,0.0633660000000873,-0.01999999999999975,1.0009137558847634,False
476,0.057407000000011976,-0.022449999999999797,1.0009137558847634,False
477,0.08721000000014101,-0.01999999999999975,1.0009137558847634,False
478,0.089287000000013,-0.022182628062360574,1.0009137558847634,False
479,0.092775999999958,-0.02196787148594353,1.0009137558847634,False
480,0.08713000000011561,-0.01999999999999975,1.0009137558847634,False
481,0.10354500000016742,-0.01999999999999975,1.0009137558847634,False
482,0.08095699999989847,-0.01999999999999975,1.0009137558847634,False
483,0.07653800000002775,-0.01999999999999975,1.0009137558847634,False
484,0.06132500000012442,-0.01999999999999975,1.0009137558847634,False
485,0.07358300000009876,-0.01999999999999975,1.0009137558847634,False
486,0.07650699999999233,-0.01999999999999975,1.0009137558847634,False
487,0.0840689999999995,-0.01999999999999975,1.0009137558847634,False
488,0.07704499999999825,-0.01999999999999975,1.0009137558847634,False
489,0.08686899999997877,-0.01999999999999975,1.0009137558847634,False
490,0.08097199999997429,-0.01999999999999975,1.0009137558847634,False
491,0.0623840000000655,-0.01999999999999975,1.0009137558847634,False
492,0.07266200000003664,-0.01999999999999975,1.0009137558847634,False
493,0.07262800000012248,-0.01999999999999975,1.0009137558847634,False
494,0.07821100000001024,-0.01999999999999975,1.0009137558847634,False
495,0.08524099999999635,-0.01999999999999975,1.0009137558847634,False
496,0.07403399999998328,-0.01999999999999975,1.0009137558847634,False
497,0.0700289999999768,-0.01999999999999975,1.0009137558847634,False
498,0.06493999999997868,-0.01999999999999975,1.0009137558847634,False
499,0.07174499999996442,-0.01999999999999975,1.0009137558847634,False
500,0.06367399999999179,-0.01999999999999975,1.0009137558847634,False
501,0.06752900000014961,-0.01999999999999975,1.0009137558847634,False
502,0.08046300000000883,-0.01999999999999975,1.0009137558847634,False
503,0.054996000000073764,-0.022987804878048624,1.0009137558847634,False
504,0.08008599999993748,-0.01999999999999975,1.0009137558847634,False
505,0.09175200000004224,-0.01999999999999975,1.0009137558847634,False
506,0.07656599999995706,-0.01999999999999975,1.0009137558847634,False
507,0.06159699999989243,-0.01999999999999975,1.0009137558847634,False
508,0.06330000000002656,-0.01999999999999975,1.0009137558847634,False
509,0.07628399999998692,-0.01999999999999975,1.0009137558847634,False
510,0.08125399999994443,-0.01999999999999975,1.0009137558847634,False
511,0.09768699999995079,-0.022012320328541852,1.0009137558847634,False
512,0.05956600000013168,-0.01999999999999975,1.0009137558847634,False
513,0.08076900000014575,-0.01999999999999975,1.0009137558847634,False
514,0.09637999999995372,-0.01999999999999975,1.0009137558847634,False
515,0.0910670000000664,-0.01999999999999975,1.0009137558847634,False
516,0.07741799999985233,-0.02202479338842951,1.0009137558847634,False
517,0.08935500000006869,-0.01999999999999975,1.0009137558847634,False
518,0.08740099999999984,-0.01999999999999975,1.0009137558847634,False
519,0.06331800000020849,-0.01999999999999975,1.0009137558847634,False
520,0.05257700000015575,-0.01999999999999975,1.0009137558847634,False
521,0.06024400000001151,-0.01999999999999975,1.0009137558847634,False
522,0.0559650000000147,-0.01999999999999975,1.0009137558847634,False
523,0.05535199999985707,-0.01999999999999975,1.0009137558847634,False
524,0.07532100000003084,-0.01999999999999975,1.0009137558847634,False
525,0.08394399999997404,-0.01999999999999975,1.0009137558847634,False
526,0.04287900000008449,-0.02384313725490188,1.0009137558847634,False
527,0.07641899999998714,-0.01999999999999975,1.0009137558847634,False
528,0.0817819999999756,-0.01999999999999975,1.0009137558847634,False
529,0.047753000000057,-0.022212189616252598,1.0009137558847634,False
530,0.05413799999996627,-0.01999999999999975,1.0009137558847634,False
531,0.05508600000007391,-0.01999999999999975,1.0009137558847634,False
532,0.05536000000006425,-0.01999999999999975,1.0009137558847634,False
533,0.05668599999989965,-0.02202061855670079,1.0009137558847634,False
534,0.0693309999999201,-0.01999999999999975,1.0009137558847634,False
535,0.08137499999997999,-0.01999999999999975,1.0009137558847634,False
536,0.07615999999984524,-0.01999999999999975,1.0009137558847634,False
537,0.08148000000005595,-0.01999999999999975,1.0009137558847634,False
538,0.04793300000005729,-0.022627345844503835,1.0009137558847634,False
539,0.06752499999993233,-0.01999999999999975,1.0009137558847634,False
540,0.06060600000000704,-0.01999999999999975,1.0009137558847634,False
541,0.07226700000001074,-0.01999999999999975,1.0009137558847634,False
542,0.07998099999986152,-0.01999999999999975,1.0009137558847634,False
543,0.08035799999993287,-0.01999999999999975,1.0009137558847634,False
544,0.0808039999999437,-0.01999999999999975,1.0009137558847634,False
545,0.07924500000012813,-0.01999999999999975,1.0009137558847634,False
546,0.07298000000014326,-0.01999999999999975,1.0009137558847634,False
547,0.06716200000005301,-0.01999999999999975,1.0009137558847634,False
548,0.07087300000011965,-0.01999999999999975,1.0009137558847634,False
549,0.07333999999991647,-0.01999999999999975,1.0009137558847634,False
550,0.04739600000016253,-0.02254545454545435,1.0009137558847634,False
551,0.05408799999986513,-0.01777292576419191,1.0009137558847634,False
552,0.07271700000001147,-0.01999999999999975,1.0009137558847634,False
553,0.0727790000000823,-0.021971830985915246,1.0009137558847634,False
554,0.08617299999991701,-0.01999999999999975,1.0009137558847634,False
555,0.09709599999996499,-0.01999999999999975,1.0009137558847634,False
556,0.09110599999985425,-0.01999999999999975,1.0009137558847634,False
557,0.040936999999985346,-0.01664473684210513,1.0009137558847634,False
558,0.0765160000000833,-0.01999999999999975,1.0009137558847634,False
559,0.07609999999999673,-0.01999999999999975,1.0009137558847634,False
560,0.07259499999986474,-0.01999999999999975,1.0009137558847634,False
561,0.0810790000000452,-0.01999999999999975,1.0009137558847634,False
562,0.07905699999992066,-0.01999999999999975,1.0009137558847634,False
563,0.0871030000000701,-0.01999999999999975,1.0009137558847634,False
564,0.07524899999998524,-0.01999999999999975,1.0009137558847634,False
565,0.038426000000072236,-0.023266666666666536,1.0009137558847634,False
566,0.05456600000002254,-0.01999999999999975,1.0009137558847634,False
567,0.051510000000007494,-0.022144420131290796,1.0009137558847634,False
568,0.062403000000131215,-0.01999999999999975,1.0009137558847634,False
569,0.05848300000002382,-0.01999999999999975,1.0009137558847634,False
570,0.058819999999968786,-0.01999999999999975,1.0009137558847634,False
571,0.06497200000012526,-0.01999999999999975,1.0009137558847634,False
572,0.07093099999997321,-0.01999999999999975,1.0009137558847634,False
573,0.06992300000001705,-0.017627906976743966,1.0009137558847634,False
574,0.0551029999999173,-0.017126760563380104,1.0009137558847634,False
575,0.08509500000013759,-0.01999999999999975,1.0009137558847634,False
576,0.06751999999983127,-0.01999999999999975,1.0009137558847634,False
577,0.06476900000006935,-0.01999999999999975,1.0009137558847634,False
578,0.070508000000018,-0.01999999999999975,1.0009137558847634,False
579,0.06993999999986045,-0.01999999999999975,1.0009137558847634,False
580,0.06708200000002762,-0.01999999999999975,1.0009137558847634,False
581,0.08156999999982872,-0.01999999999999975,1.0009137558847634,False
582,0.08037599999988743,-0.01999999999999975,1.0009137558847634,False
583,0.09218500000019958,-0.01999999999999975,1.0009137558847634,False
584,0.07244500000001608,-0.01999999999999975,1.0009137558847634,False
585,0.08764599999994971,-0.01999999999999975,1.0009137558847634,False
586,0.08124700000007579,-0.01999999999999975,1.0009137558847634,False
587,0.10621400000013637,-0.01999999999999975,1.0009137558847634,False
588,0.0734620000000632,-0.01999999999999975,1.0009137558847634,False
589,0.08401499999990847,-0.01999999999999975,1.0009137558847634,False
590,0.11163099999998849,-0.01999999999999975,1.0009137558847634,False
591,0.07090199999993274,-0.01999999999999975,1.0009137558847634,False
592,0.05784399999993184,-0.01729442970822262,1.0009137558847634,False
593,0.04791699999987031,-0.017142857142856963,1.0009137558847634,False
594,0.0897780000000239,-0.01999999999999975,1.0009137558847634,False
595,0.10932699999989381,-0.01999999999999975,1.0009137558847634,False
596,0.09479299999998148,-0.01999999999999975,1.0009137558847634,False
597,0.06298100000003615,-0.01999999999999975,1.0009137558847634,False
598,0.06898700000010649,-0.01999999999999975,1.0009137558847634,False
599,0.06780099999991762,-0.01999999999999975,1.0009137558847634,False
600,0.0662520000000768,-0.01999999999999975,1.0009137558847634,False
601,0.07078000000001339,-0.01999999999999975,1.0009137558847634,False
602,0.08227499999998145,-0.01999999999999975,1.0009137558847634,False
603,0.10480699999993703,-0.01999999999999975,1.0009137558847634,False
604,0.09657499999980246,-0.01999999999999975,1.0009137558847634,False
605,0.07652499999994689,-0.017763157894736613,1.0009137558847634,False
606,0.06560200000012628,-0.01999999999999975,1.0009137558847634,False
607,0.05502000000001317,-0.01999999999999975,1.0009137558847634,False
608,0.06324700000004668,-0.01999999999999975,1.0009137558847634,False
609,0.08824600000002647,-0.01999999999999975,1.0009137558847634,False
610,0.042200000000093496,-0.0158536585365853,1.0009137558847634,False
611,0.09248699999989185,-0.01999999999999975,1.0009137558847634,False
612,0.07867400000009184,-0.01999999999999975,1.0009137558847634,False
613,0.06523500000002969,-0.01999999999999975,1.0009137558847634,False
614,0.050254999999879146,-0.017118644067796434,1.0009137558847634,False
615,0.06737799999996241,-0.01999999999999975,1.0009137558847634,False
616,0.0611189999999624,-0.01999999999999975,1.0009137558847634,False
617,0.06602999999995518,-0.01999999999999975,1.0009137558847634,False
618,0.057750000000169166,-0.022592592592592404,1.0009137558847634,False
619,0.07877000000007683,-0.01999999999999975,1.0009137558847634,False
620,0.07917900000006739,-0.01999999999999975,1.0009137558847634,False
621,0.0819059999998899,-0.01999999999999975,1.0009137558847634,False
622,0.05974500000002081,-0.01999999999999975,1.0009137558847634,False
623,0.06166099999995822,-0.01999999999999975,1.0009137558847634,False
624,0.06807899999989786,-0.01999999999999975,1.0009137558847634,False
625,0.037759000000050946,-0.02329966329966317,1.0009137558847634,False
626,0.051346999999850595,-0.0177078651685391,1.0009137558847634,False
627,0.05649300000004587,-0.01999999999999975,1.0009137558847634,False
628,0.05715599999984988,-0.01999999999999975,1.0009137558847634,False
629,0.06179899999983718,-0.01999999999999975,1.0009137558847634,False
630,0.07822400000009111,-0.01999999999999975,1.0009137558847634,False
631,0.08304500000008375,-0.01999999999999975,1.0009137558847634,False
632,0.08491000000003623,-0.01999999999999975,1.0009137558847634,False
633,0.08866400000010799,-0.01999999999999975,1.0009137558847634,False
634,0.05863099999987753,-0.01999999999999975,1.0009137558847634,False
635,0.06657000000018343,-0.01999999999999975,1.0009137558847634,False
636,0.06337899999994079,-0.01999999999999975,1.0009137558847634,False
637,0.06753600000001825,-0.01999999999999975,1.0009137558847634,False
638,0.09339599999998427,-0.01999999999999975,1.0009137558847634,False
639,0.0775509999998576,-0.01999999999999975,1.0009137558847634,False
640,0.0937380000000303,-0.01999999999999975,1.0009137558847634,False
641,0.09578299999998308,-0.01999999999999975,1.0009137558847634,False
642,0.1078820000000178,-0.01999999999999975,1.0009137558847634,False
643,0.1184650000000147,-0.01999999999999975,1.0009137558847634,False
644,0.10683099999982915,-0.01999999999999975,1.0009137558847634,False
645,0.07775599999990845,-0.01999999999999975,1.0009137558847634,False
646,0.0814820000000509,-0.01999999999999975,1.0009137558847634,False
647,0.09724700000015218,-0.01999999999999975,1.0009137558847634,False
648,0.09128199999986464,-0.01999999999999975,1.0009137558847634,False
649,0.08738399999992907,-0.01999999999999975,1.0009137558847634,False
650,0.09049900000013622,-0.01999999999999975,1.0009137558847634,False
651,0.06828600000017104,-0.01999999999999975,1.0009137558847634,False
652,0.07766199999991841,-0.01999999999999975,1.0009137558847634,False
653,0.06476599999996324,-0.01999999999999975,1.0009137558847634,False
654,0.06726400000002286,-0.01999999999999975,1.0009137558847634,False
655,0.07283600000005208,-0.01999999999999975,1.0009137558847634,False
656,0.08393999999998414,-0.01768707482993175,1.0009137558847634,False
657,0.11485900000002403,-0.01999999999999975,1.0009137558847634,False
658,0.10149599999999737,-0.01999999999999975,1.0009137558847634,False
659,0.09432700000002114,-0.01999999999999975,1.0009137558847634,False
660,0.0904520000001412,-0.01999999999999975,1.0009137558847634,False
661,0.11049700000012308,-0.01999999999999975,1.0009137558847634,False
662,0.08765999999991436,-0.01999999999999975,1.0009137558847634,False
663,0.07222200000001067,-0.01999999999999975,1.0009137558847634,False
664,0.06762199999980112,-0.01999999999999975,1.0009137558847634,False
665,0.0658699999999044,-0.01999999999999975,1.0009137558847634,False
666,0.055721999999832406,-0.017627906976743966,1.0009137558847634,False
667,0.06534499999997934,-0.01999999999999975,1.0009137558847634,False
668,0.08293299999991177,-0.01999999999999975,1.0009137558847634,False
669,0.047775999999885244,-0.023798449612403016,1.0009137558847634,False
670,0.08521100000007209,-0.01999999999999975,1.0009137558847634,False
671,0.09014200000001438,-0.01999999999999975,1.0009137558847634,False
672,0.07726999999999862,-0.01999999999999975,1.0009137558847634,False
673,0.07183499999996457,-0.01999999999999975,1.0009137558847634,False
674,0.06766600000014478,-0.01999999999999975,1.0009137558847634,False
675,0.06535799999983283,-0.01999999999999975,1.0009137558847634,False
676,0.07618299999990086,-0.01999999999999975,1.0009137558847634,False
677,0.0973070000000007,-0.01999999999999975,1.0009137558847634,False
678,0.09628699999984747,-0.01999999999999975,1.0009137558847634,False
679,0.09810199999992619,-0.01999999999999975,1.0009137558847634,False
680,0.0498489999999947,-0.016395759717314374,1.0009137558847634,False
681,0.08558599999992111,-0.01999999999999975,1.0009137558847634,False
682,0.0772309999999834,-0.017272727272727082,1.0009137558847634,False
683,0.10658699999999044,-0.01999999999999975,1.0009137558847634,False
684,0.1020779999998922,-0.01999999999999975,1.0009137558847634,False
685,0.10274200000003475,-0.01999999999999975,1.0009137558847634,False
686,0.10547700000006444,-0.01999999999999975,1.0009137558847634,False
687,0.1083969999999681,-0.01999999999999975,1.0009137558847634,False
688,0.09213399999998728,-0.01999999999999975,1.0009137558847634,False
689,0.1118579999999838,-0.01999999999999975,1.0009137558847634,False
690,0.09099900000001071,-0.01999999999999975,1.0009137558847634,False
691,0.10263099999997394,-0.01999999999999975,1.0009137558847634,False
692,0.11656300000004194,-0.01999999999999975,1.0009137558847634,False
693,0.10759300000017902,-0.01999999999999975,1.0009137558847634,False
694,0.1037539999999808,-0.01999999999999975,1.0009137558847634,False
695,0.08629500000006374,-0.01999999999999975,1.0009137558847634,False
696,0.07609499999989566,-0.01999999999999975,1.0009137558847634,False
697,0.07645800000000236,-0.01999999999999975,1.0009137558847634,False
698,0.09411999999997533,-0.01999999999999975,1.0009137558847634,False
699,0.10010399999987385,-0.01999999999999975,1.0009137558847634,False
700,0.10249600000020109,-0.01999999999999975,1.0009137558847634,False
701,0.04591400000003887,-0.015096153846153844,1.0009137558847634,False
702,0.10034599999994498,-0.01999999999999975,1.0009137558847634,False
703,0.09012200000006487,-0.01999999999999975,1.0009137558847634,False
704,0.09726999999998043,-0.01999999999999975,1.0009137558847634,False
705,0.08769900000015696,-0.01999999999999975,1.0009137558847634,False
706,0.07850900000016736,-0.01999999999999975,1.0009137558847634,False
707,0.09570400000006885,-0.01999999999999975,1.0009137558847634,False
708,0.08391000000005988,-0.01999999999999975,1.0009137558847634,False
709,0.07271500000001652,-0.01999999999999975,1.0009137558847634,False
710,0.08402200000000448,-0.01999999999999975,1.0009137558847634,False
711,0.11479899999994814,-0.01999999999999975,1.0009137558847634,False
712,0.09943199999997887,-0.01999999999999975,1.0009137558847634,False
713,0.09692000000018197,-0.01999999999999975,1.0009137558847634,False
714,0.09380600000008599,-0.01999999999999975,1.0009137558847634,False
715,0.09459800000013274,-0.01999999999999975,1.0009137558847634,False
716,0.11031600000001163,-0.01999999999999975,1.0009137558847634,False
717,0.0844360000000961,-0.01999999999999975,1.0009137558847634,False
718,0.11724499999991167,-0.01999999999999975,1.0009137558847634,False
719,0.09256300000015472,-0.01999999999999975,1.0009137558847634,False
720,0.08187900000007176,-0.01999999999999975,1.0009137558847634,False
721,0.09331700000007004,-0.01999999999999975,1.0009137558847634,False
722,0.0812989999999445,-0.01999999999999975,1.0009137558847634,False
723,0.09915799999998853,-0.01999999999999975,1.0009137558847634,False
724,0.10974800000008145,-0.01999999999999975,1.0009137558847634,False
725,0.12556299999982912,-0.01999999999999975,1.0009137558847634,False
726,0.09416200000009667,-0.01999999999999975,1.0009137558847634,False
727,0.10819400000013957,-0.01999999999999975,1.0009137558847634,False
728,0.09784700000000157,-0.01999999999999975,1.0009137558847634,False
729,0.11426900000014939,-0.01999999999999975,1.0009137558847634,False
730,0.09126100000003134,-0.01999999999999975,1.0009137558847634,False
731,0.08692599999994854,-0.01999999999999975,1.0009137558847634,False
732,0.12758099999996375,-0.01999999999999975,1.0009137558847634,False
733,0.12072799999987183,-0.01999999999999975,1.0009137558847634,False
734,0.09778899999992063,-0.01999999999999975,1.0009137558847634,False
735,0.08582700000010846,-0.01999999999999975,1.0009137558847634,False
736,0.08666199999993296,-0.01999999999999975,1.0009137558847634,False
737,0.08480499999996027,-0.01999999999999975,1.0009137558847634,False
738,0.0896979999999985,-0.01999999999999975,1.0009137558847634,False
739,0.09620300000005955,-0.01999999999999975,1.0009137558847634,False
740,0.11111299999993207,-0.01999999999999975,1.0009137558847634,False
741,0.10585000000014588,-0.01999999999999975,1.0009137558847634,False
742,0.08831399999985479,-0.01999999999999975,1.0009137558847634,False
743,0.10213299999986702,-0.01999999999999975,1.0009137558847634,False
744,0.09818199999995159,-0.01775330396475748,1.0009137558847634,False
745,0.10777999999982057,-0.01999999999999975,1.0009137558847634,False
746,0.09811500000000706,-0.01999999999999975,1.0009137558847634,False
747,0.09260200000016994,-0.01999999999999975,1.0009137558847634,False
748,0.10188100000004852,-0.01999999999999975,1.0009137558847634,False
749,0.08616799999981595,-0.01999999999999975,1.0009137558847634,False
750,0.0945409999999356,-0.01999999999999975,1.0009137558847634,False
751,0.10302099999989878,-0.01999999999999975,1.0009137558847634,False
752,0.10855700000001889,-0.01999999999999975,1.0009137558847634,False
753,0.06228899999996429,-0.017336814621409725,1.0009137558847634,False
754,0.07584400000018832,-0.01999999999999975,1.0009137558847634,False
755,0.08214199999997618,-0.01999999999999975,1.0009137558847634,False
756,0.08458799999993971,-0.01999999999999975,1.0009137558847634,False
757,0.08563700000013341,-0.01999999999999975,1.0009137558847634,False
758,0.06456899999989218,-0.01747524752475227,1.0009137558847634,False
759,0.08023600000001352,-0.01999999999999975,1.0009137558847634,False
760,0.08267700000010336,-0.01999999999999975,1.0009137558847634,False
761,0.07575299999984964,-0.01999999999999975,1.0009137558847634,False
762,0.06941099999994549,-0.017892561983470834,1.0009137558847634,False
763,0.07871300000010706,-0.01999999999999975,1.0009137558847634,False
764,0.07626699999991615,-0.01999999999999975,1.0009137558847634,False
765,0.07729700000004414,-0.01999999999999975,1.0009137558847634,False
766,0.07254100000000108,-0.01999999999999975,1.0009137558847634,False
767,0.06759800000008909,-0.01999999999999975,1.0009137558847634,False
768,0.07587699999999131,-0.01999999999999975,1.0009137558847634,False
769,0.08107700000005025,-0.01999999999999975,1.0009137558847634,False
770,0.07213400000000547,-0.01999999999999975,1.0009137558847634,False
771,0.07491699999991397,-0.01999999999999975,1.0009137558847634,False
772,0.07453299999997398,-0.01999999999999975,1.0009137558847634,False
773,0.06965700000000652,-0.01999999999999975,1.0009137558847634,False
774,0.08026700000004894,-0.01999999999999975,1.0009137558847634,False
775,0.06822799999986273,-0.017404580152671555,1.0009137558847634,False
776,0.08857100000000173,-0.01999999999999975,1.0009137558847634,False
777,0.09578700000020035,-0.01999999999999975,1.0009137558847634,False
778,0.08326800000008916,-0.01999999999999975,1.0009137558847634,False
779,0.09865200000012919,-0.01999999999999975,1.0009137558847634,False
780,0.11875500000019201,-0.01999999999999975,1.0009137558847634,False
781,0.10087399999997615,-0.01999999999999975,1.0009137558847634,False
782,0.09092099999998027,-0.01999999999999975,1.0009137558847634,False
783,0.07920200000012301,-0.01999999999999975,1.0009137558847634,False
784,0.06721100000004299,-0.022008196721311234,1.0009137558847634,False
785,0.07128899999997884,-0.01999999999999975,1.0009137558847634,False
786,0.0671429999999873,-0.01999999999999975,1.0009137558847634,False
787,0.06781200000000354,-0.01999999999999975,1.0009137558847634,False
788,0.07600300000012794,-0.01999999999999975,1.0009137558847634,False
789,0.07324000000016895,-0.01999999999999975,1.0009137558847634,False
790,0.08009499999980108,-0.01999999999999975,1.0009137558847634,False
791,0.08019399999989218,-0.01999999999999975,1.0009137558847634,False
792,0.0874820000001364,-0.01999999999999975,1.0009137558847634,False
793,0.08284699999990153,-0.01999999999999975,1.0009137558847634,False
794,0.06200199999989309,-0.01999999999999975,1.0009137558847634,False
795,0.06849800000009054,-0.01999999999999975,1.0009137558847634,False
796,0.0668879999998353,-0.01999999999999975,1.0009137558847634,False
797,0.06613899999979367,-0.01999999999999975,1.0009137558847634,False
798,0.06366599999978462,-0.01999999999999975,1.0009137558847634,False
799,0.07074999999986176,-0.01999999999999975,1.0009137558847634,False
800,0.07879800000000614,-0.01999999999999975,1.0009137558847634,False
801,0.08982900000000882,-0.01999999999999975,1.0009137558847634,False
802,0.10082299999999123,-0.01999999999999975,1.0009137558847634,False
803,0.07954300000005787,-0.01999999999999975,1.0009137558847634,False
804,0.06722399999989648,-0.01999999999999975,1.0009137558847634,False
805,0.07366400000000795,-0.01999999999999975,1.0009137558847634,False
806,0.07033999999998741,-0.01999999999999975,1.0009137558847634,False
807,0.0728830000000471,-0.01999999999999975,1.0009137558847634,False
808,0.06421799999998257,-0.017848101265822546,1.0009137558847634,False
809,0.07635600000003251,-0.01999999999999975,1.0009137558847634,False
810,0.08382700000015575,-0.01999999999999975,1.0009137558847634,False
811,0.10296400000015637,-0.01999999999999975,1.0009137558847634,False
812,0.08362499999998363,-0.01999999999999975,1.0009137558847634,False
813,0.08736699999985831,-0.01999999999999975,1.0009137558847634,False
814,0.09556599999996251,-0.01999999999999975,1.0009137558847634,False
815,0.08034199999997327,-0.01999999999999975,1.0009137558847634,False
816,0.07363899999995738,-0.01999999999999975,1.0009137558847634,False
817,0.08231700000010278,-0.01999999999999975,1.0009137558847634,False
818,0.0604280000000017,-0.01999999999999975,1.0009137558847634,False
819,0.07048999999983607,-0.01999999999999975,1.0009137558847634,False
820,0.07015299999989111,-0.01999999999999975,1.0009137558847634,False
821,0.07285000000001673,-0.01999999999999975,1.0009137558847634,False
822,0.07188299999984338,-0.01999999999999975,1.0009137558847634,False
823,0.06490000000007967,-0.01999999999999975,1.0009137558847634,False
824,0.06480000000010477,-0.017649769585253234,1.0009137558847634,False
825,0.08645200000000841,-0.01999999999999975,1.0009137558847634,False
826,0.09287300000005416,-0.01999999999999975,1.0009137558847634,False
827,0.07523300000002564,-0.01999999999999975,1.0009137558847634,False
828,0.07005200000003242,-0.01999999999999975,1.0009137558847634,False
829,0.0642800000000534,-0.01999999999999975,1.0009137558847634,False
830,0.06889200000000528,-0.01999999999999975,1.0009137558847634,False
831,0.06740800000011404,-0.01999999999999975,1.0009137558847634,False
832,0.07283099999995102,-0.01999999999999975,1.0009137558847634,False
833,0.08206499999982952,-0.01999999999999975,1.0009137558847634,False
834,0.08277399999997215,-0.01999999999999975,1.0009137558847634,False
835,0.08940700000016477,-0.01999999999999975,1.0009137558847634,False
836,0.06674199999997654,-0.01999999999999975,1.0009137558847634,False
837,0.06701899999984562,-0.01999999999999975,1.0009137558847634,False
838,0.06312100000013743,-0.01999999999999975,1.0009137558847634,False
839,0.06721300000003794,-0.01999999999999975,1.0009137558847634,False
840,0.06392800000003263,-0.01999999999999975,1.0009137558847634,False
841,0.06140900000013971,-0.01999999999999975,1.0009137558847634,False
842,0.06686100000001716,-0.01999999999999975,1.0009137558847634,False
843,0.06323600000018814,-0.01999999999999975,1.0009137558847634,False
844,0.08136899999999514,-0.01999999999999975,1.0009137558847634,False
845,0.08090099999981248,-0.01999999999999975,1.0009137558847634,False
846,0.10356600000000071,-0.01999999999999975,1.0009137558847634,False
847,0.10658199999988938,-0.01999999999999975,1.0009137558847634,False
848,0.0977219999999761,-0.01999999999999975,1.0009137558847634,False
849,0.09248400000001311,-0.01999999999999975,1.0009137558847634,False
850,0.09668399999986832,-0.01999999999999975,1.0009137558847634,False
851,0.07706499999994776,-0.01999999999999975,1.0009137558847634,False
852,0.0768879999998262,-0.01999999999999975,1.0009137558847634,False
853,0.07442600000013044,-0.01999999999999975,1.0009137558847634,False
854,0.06885600000009617,-0.01999999999999975,1.0009137558847634,False
855,0.07032799999979034,-0.01999999999999975,1.0009137558847634,False
856,0.07504199999993943,-0.01999999999999975,1.0009137558847634,False
857,0.07433399999990797,-0.01999999999999975,1.0009137558847634,False
858,0.08662299999991774,-0.01999999999999975,1.0009137558847634,False
859,0.09506899999996676,-0.01999999999999975,1.0009137558847634,False
860,0.08728599999994913,-0.01999999999999975,1.0009137558847634,False
861,0.10447199999998702,-0.01999999999999975,1.0009137558847634,False
862,0.09469500000000153,-0.01999999999999975,1.0009137558847634,False
863,0.09013200000003962,-0.01999999999999975,1.0009137558847634,False
864,0.10082899999997608,-0.01999999999999975,1.0009137558847634,False
865,0.09518000000002758,-0.01999999999999975,1.0009137558847634,False
866,0.09345600000006016,-0.01999999999999975,1.0009137558847634,False
867,0.10390200000006189,-0.01999999999999975,1.0009137558847634,False
868,0.1005169999998543,-0.01999999999999975,1.0009137558847634,False
869,0.07066099999997277,-0.017404580152671555,1.0009137558847634,False
870,0.08605099999999766,-0.01999999999999975,1.0009137558847634,False
871,0.08562899999992624,-0.01999999999999975,1.0009137558847634,False
872,0.09400899999991452,-0.01999999999999975,1.0009137558847634,False
873,0.09004600000002938,-0.01999999999999975,1.0009137558847634,False
874,0.0939330000001064,-0.01999999999999975,1.0009137558847634,False
875,0.08924999999999272,-0.01999999999999975,1.0009137558847634,False
876,0.08440300000006573,-0.01999999999999975,1.0009137558847634,False
877,0.07380400000010923,-0.01999999999999975,1.0009137558847634,False
878,0.07993599999986145,-0.01999999999999975,1.0009137558847634,False
879,0.09196300000007795,-0.01999999999999975,1.0009137558847634,False
880,0.1049279999999726,-0.01999999999999975,1.0009137558847634,False
881,0.09293999999999869,-0.01999999999999975,1.0009137558847634,False
882,0.08843200000001161,-0.01999999999999975,1.0009137558847634,False
883,0.08470299999999042,-0.01999999999999975,1.0009137558847634,False
884,0.09225099999980557,-0.01999999999999975,1.0009137558847634,False
885,0.09234799999990173,-0.01999999999999975,1.0009137558847634,False
886,0.09954300000003968,-0.01999999999999975,1.0009137558847634,False
887,0.10531799999989744,-0.01999999999999975,1.0009137558847634,False
888,0.10367799999994531,-0.01999999999999975,1.0009137558847634,False
889,0.09475500000007742,-0.01999999999999975,1.0009137558847634,False
890,0.08064199999989796,-0.01999999999999975,1.0009137558847634,False
891,0.07871799999998075,-0.01999999999999975,1.0009137558847634,False
892,0.07659899999998743,-0.01999999999999975,1.0009137558847634,False
893,0.09457899999983965,-0.01999999999999975,1.0009137558847634,False
894,0.07182499999998981,-0.01999999999999975,1.0009137558847634,False
895,0.08655300000009447,-0.01999999999999975,1.0009137558847634,False
896,0.08762900000010632,-0.01999999999999975,1.0009137558847634,False
897,0.07244700000001103,-0.01999999999999975,1.0009137558847634,False
898,0.07382200000006378,-0.01999999999999975,1.0009137558847634,False
899,0.08467300000006617,-0.01999999999999975,1.0009137558847634,False
900,0.0746719999999641,-0.01999999999999975,1.0009137558847634,False
901,0.07727900000008958,-0.01999999999999975,1.0009137558847634,False
902,0.0827719999999772,-0.01999999999999975,1.0009137558847634,False
903,0.08747100000005048,-0.01999999999999975,1.0009137558847634,False
904,0.07937100000003738,-0.01999999999999975,1.0009137558847634,False
905,0.09120699999994031,-0.01999999999999975,1.0009137558847634,False
906,0.07847500000002583,-0.01999999999999975,1.0009137558847634,False
907,0.08132200000000012,-0.01999999999999975,1.0009137558847634,False
908,0.082388999999921,-0.01999999999999975,1.0009137558847634,False
909,0.08511599999997088,-0.01999999999999975,1.0009137558847634,False
910,0.08046699999999873,-0.01999999999999975,1.0009137558847634,False
911,0.06541599999991377,-0.01999999999999975,1.0009137558847634,False
912,0.06221099999993385,-0.01999999999999975,1.0009137558847634,False
913,0.06330400000001646,-0.01999999999999975,1.0009137558847634,False
914,0.06160700000009456,-0.01999999999999975,1.0009137558847634,False
915,0.07235900000000584,-0.01999999999999975,1.0009137558847634,False
916,0.06280999999989945,-0.01999999999999975,1.0009137558847634,False
917,0.06673799999998664,-0.01999999999999975,1.0009137558847634,False
918,0.07817300000010619,-0.01999999999999975,1.0009137558847634,False
919,0.0830829999999878,-0.01999999999999975,1.0009137558847634,False
920,0.08403900000007525,-0.01999999999999975,1.0009137558847634,False
921,0.0668510000000424,-0.01999999999999975,1.0009137558847634,False
922,0.06511199999999917,-0.01999999999999975,1.0009137558847634,False
923,0.06459100000006401,-0.01999999999999975,1.0009137558847634,False
924,0.05759299999999712,-0.01999999999999975,1.0009137558847634,False
925,0.06307599999990998,-0.01999999999999975,1.0009137558847634,False
926,0.06726600000001781,-0.01999999999999975,1.0009137558847634,False
927,0.07060599999999795,-0.01999999999999975,1.0009137558847634,False
928,0.08433599999989383,-0.01999999999999975,1.0009137558847634,False
929,0.06659000000013293,-0.01999999999999975,1.0009137558847634,False
930,0.057227000000011685,-0.01999999999999975,1.0009137558847634,False
931,0.05111899999997149,-0.01999999999999975,1.0009137558847634,False
932,0.04938100000003942,-0.01999999999999975,1.0009137558847634,False
933,0.049993999999969674,-0.01999999999999975,1.0009137558847634,False
934,0.049040999999988344,-0.01999999999999975,1.0009137558847634,False
935,0.055702000000110274,-0.01999999999999975,1.0009137558847634,False
936,0.049115000000028886,-0.01999999999999975,1.0009137558847634,False
937,0.05512599999997292,-0.01999999999999975,1.0009137558847634,False
938,0.051375000000007276,-0.01999999999999975,1.0009137558847634,False
939,0.04948500000000422,-0.01999999999999975,1.0009137558847634,False
940,0.051584000000048036,-0.01999999999999975,1.0009137558847634,False
941,0.06736799999998766,-0.01999999999999975,1.0009137558847634,False
942,0.08075799999983246,-0.01999999999999975,1.0009137558847634,False
943,0.07177999999998974,-0.01999999999999975,1.0009137558847634,False
944,0.07539799999995012,-0.01999999999999975,1.0009137558847634,False
945,0.07012800000006791,-0.01999999999999975,1.0009137558847634,False
946,0.0679130000000896,-0.01999999999999975,1.0009137558847634,False
947,0.07434499999999389,-0.01999999999999975,1.0009137558847634,False
948,0.06602199999997538,-0.01999999999999975,1.0009137558847634,False
949,0.0743480000001,-0.01999999999999975,1.0009137558847634,False
950,0.0677579999999125,-0.01999999999999975,1.0009137558847634,False
951,0.0805329999998321,-0.01999999999999975,1.0009137558847634,False
952,0.07956300000000738,-0.01999999999999975,1.0009137558847634,False
953,0.0599210000000312,-0.01999999999999975,1.0009137558847634,False
954,0.05311299999993935,-0.01999999999999975,1.0009137558847634,False
955,0.05076499999995576,-0.01999999999999975,1.0009137558847634,False
956,0.0525199999999586,-0.01999999999999975,1.0009137558847634,False
957,0.04981599999996433,-0.01999999999999975,1.0009137558847634,False
958,0.05474800000001778,-0.01999999999999975,1.0009137558847634,False
959,0.055565999999998894,-0.01999999999999975,1.0009137558847634,False
960,0.05050600000004124,-0.017777777777777545,1.0009137558847634,False
961,0.05060800000001109,-0.01999999999999975,1.0009137558847634,False
962,0.05343100000004597,-0.01999999999999975,1.0009137558847634,False
963,0.059557000000040716,-0.01999999999999975,1.0009137558847634,False
964,0.07285000000001673,-0.01999999999999975,1.0009137558847634,False
965,0.07558200000016768,-0.01999999999999975,1.0009137558847634,False
966,0.07176600000002509,-0.01999999999999975,1.0009137558847634,False
967,0.07641800000010335,-0.01999999999999975,1.0009137558847634,False
968,0.06379900000001726,-0.01999999999999975,1.0009137558847634,False
969,0.05770100000017919,-0.01999999999999975,1.0009137558847634,False
970,0.06350399999996625,-0.01999999999999975,1.0009137558847634,False
971,0.055916000000024724,-0.01999999999999975,1.0009137558847634,False
972,0.051936999999952604,-0.01999999999999975,1.0009137558847634,False
973,0.05312400000002526,-0.01999999999999975,1.0009137558847634,False
974,0.054610000000138825,-0.01999999999999975,1.0009137558847634,False
975,0.054480000000012296,-0.01999999999999975,1.0009137558847634,False
976,0.053100999999969645,-0.01999999999999975,1.0009137558847634,False
977,0.06503199999997378,-0.01999999999999975,1.0009137558847634,False
978,0.07225299999981871,-0.01999999999999975,1.0009137558847634,False
979,0.07396200000016506,-0.01999999999999975,1.0009137558847634,False
980,0.07974400000011883,-0.01999999999999975,1.0009137558847634,False
981,0.07164299999999457,-0.01999999999999975,1.0009137558847634,False
982,0.05154399999992165,-0.01999999999999975,1.0009137558847634,False
983,0.052154999999856955,-0.01999999999999975,1.0009137558847634,False
984,0.05117500000005748,-0.01999999999999975,1.0009137558847634,False
985,0.05308700000000499,-0.01999999999999975,1.0009137558847634,False
986,0.05096499999990556,-0.01999999999999975,1.0009137558847634,False
987,0.05462000000011358,-0.01999999999999975,1.0009137558847634,False
988,0.07348799999999756,-0.01999999999999975,1.0009137558847634,False
989,0.06917900000007648,-0.01999999999999975,1.0009137558847634,False
990,0.07932899999991605,-0.01999999999999975,1.0009137558847634,False
991,0.08179099999983919,-0.01999999999999975,1.0009137558847634,False
992,0.06263799999987896,-0.01999999999999975,1.0009137558847634,False
993,0.05864900000005946,-0.01999999999999975,1.0009137558847634,False
994,0.07190400000013142,-0.01999999999999975,1.0009137558847634,False
995,0.10818299999982628,-0.01999999999999975,1.0009137558847634,False
996,0.08560400000010304,-0.01999999999999975,1.0009137558847634,False
997,0.09269900000003872,-0.01999999999999975,1.0009137558847634,False
998,0.08411700000010569,-0.01999999999999975,1.0009137558847634,False
999,0.09496699999999691,-0.01999999999999975,1.0009137558847634,False
1000,0.0992710000000443,-0.01999999999999975,1.0009137558847634,False
